2026-02-18 00:39:39 - stock_picker - INFO - ============================================================
2026-02-18 00:39:39 - stock_picker - INFO - 开始全量数据收集
2026-02-18 00:39:39 - stock_picker - INFO - Starting Full Data Collection
2026-02-18 00:39:39 - stock_picker - INFO - ============================================================
2026-02-18 00:39:39 - stock_picker - INFO - 结束日期 (End date): 20260217
2026-02-18 00:39:39 - stock_picker - INFO - 时间范围 (Date range): 20130101 - 20260217
2026-02-18 00:39:39 - stock_picker - INFO - 说明 (Note): 将覆盖数据库中的全部历史数据

2026-02-18 00:39:39 - stock_picker - INFO - Starting batch update for 300 stocks
2026-02-18 00:39:39 - stock_picker - INFO - [1/300] Updating 002625.SZ...
2026-02-18 00:39:40 - stock_picker - INFO - Tushare API initialized
2026-02-18 00:39:40 - stock_picker - INFO - Successfully fetched 2877 records for 002625.SZ
2026-02-18 00:39:40 - stock_picker - INFO - Database tables initialized
2026-02-18 00:39:40 - stock_picker - INFO - Saved 2877 records, 0 failed
2026-02-18 00:39:40 - stock_picker - INFO -   ✓ Saved 2877 records
2026-02-18 00:39:40 - stock_picker - INFO - [2/300] Updating 300476.SZ...
2026-02-18 00:39:41 - stock_picker - INFO - Successfully fetched 2593 records for 300476.SZ
2026-02-18 00:39:41 - stock_picker - INFO - Database tables initialized
2026-02-18 00:39:41 - stock_picker - INFO - Saved 2593 records, 0 failed
2026-02-18 00:39:41 - stock_picker - INFO -   ✓ Saved 2593 records
2026-02-18 00:39:41 - stock_picker - INFO - [3/300] Updating 300251.SZ...
2026-02-18 00:39:41 - stock_picker - INFO - Successfully fetched 3072 records for 300251.SZ
2026-02-18 00:39:41 - stock_picker - INFO - Database tables initialized
2026-02-18 00:39:41 - stock_picker - INFO - Saved 3072 records, 0 failed
2026-02-18 00:39:41 - stock_picker - INFO -   ✓ Saved 3072 records
2026-02-18 00:39:41 - stock_picker - INFO - [4/300] Updating 002384.SZ...
2026-02-18 00:39:42 - stock_picker - INFO - Successfully fetched 2985 records for 002384.SZ
2026-02-18 00:39:42 - stock_picker - INFO - Database tables initialized
2026-02-18 00:39:42 - stock_picker - INFO - Saved 2985 records, 0 failed
2026-02-18 00:39:42 - stock_picker - INFO -   ✓ Saved 2985 records
2026-02-18 00:39:42 - stock_picker - INFO - [5/300] Updating 603893.SH...
2026-02-18 00:39:42 - stock_picker - INFO - Successfully fetched 1465 records for 603893.SH
2026-02-18 00:39:42 - stock_picker - INFO - Database tables initialized
2026-02-18 00:39:42 - stock_picker - INFO - Saved 1465 records, 0 failed
2026-02-18 00:39:42 - stock_picker - INFO -   ✓ Saved 1465 records
2026-02-18 00:39:42 - stock_picker - INFO - [6/300] Updating 300803.SZ...
2026-02-18 00:39:43 - stock_picker - INFO - Successfully fetched 1517 records for 300803.SZ
2026-02-18 00:39:43 - stock_picker - INFO - Database tables initialized
2026-02-18 00:39:43 - stock_picker - INFO - Saved 1517 records, 0 failed
2026-02-18 00:39:43 - stock_picker - INFO -   ✓ Saved 1517 records
2026-02-18 00:39:43 - stock_picker - INFO - [7/300] Updating 601456.SH...
2026-02-18 00:39:43 - stock_picker - INFO - Successfully fetched 1326 records for 601456.SH
2026-02-18 00:39:43 - stock_picker - INFO - Database tables initialized
2026-02-18 00:39:43 - stock_picker - INFO - Saved 1326 records, 0 failed
2026-02-18 00:39:43 - stock_picker - INFO -   ✓ Saved 1326 records
2026-02-18 00:39:43 - stock_picker - INFO - [8/300] Updating 600522.SH...
2026-02-18 00:39:43 - stock_picker - INFO - Successfully fetched 3112 records for 600522.SH
2026-02-18 00:39:43 - stock_picker - INFO - Database tables initialized
2026-02-18 00:39:44 - stock_picker - INFO - Saved 3112 records, 0 failed
2026-02-18 00:39:44 - stock_picker - INFO -   ✓ Saved 3112 records
2026-02-18 00:39:44 - stock_picker - INFO - [9/300] Updating 601018.SH...
2026-02-18 00:39:44 - stock_picker - INFO - Successfully fetched 3050 records for 601018.SH
2026-02-18 00:39:44 - stock_picker - INFO - Database tables initialized
2026-02-18 00:39:44 - stock_picker - INFO - Saved 3050 records, 0 failed
2026-02-18 00:39:44 - stock_picker - INFO -   ✓ Saved 3050 records
2026-02-18 00:39:44 - stock_picker - INFO - [10/300] Updating 300866.SZ...
2026-02-18 00:39:45 - stock_picker - INFO - Successfully fetched 1330 records for 300866.SZ
2026-02-18 00:39:45 - stock_picker - INFO - Database tables initialized
2026-02-18 00:39:45 - stock_picker - INFO - Saved 1330 records, 0 failed
2026-02-18 00:39:45 - stock_picker - INFO -   ✓ Saved 1330 records
2026-02-18 00:39:45 - stock_picker - INFO - [11/300] Updating 600930.SH...
2026-02-18 00:39:45 - stock_picker - INFO - Successfully fetched 145 records for 600930.SH
2026-02-18 00:39:45 - stock_picker - INFO - Database tables initialized
2026-02-18 00:39:45 - stock_picker - INFO - Saved 145 records, 0 failed
2026-02-18 00:39:45 - stock_picker - INFO -   ✓ Saved 145 records
2026-02-18 00:39:45 - stock_picker - INFO - [12/300] Updating 601298.SH...
2026-02-18 00:39:45 - stock_picker - INFO - Successfully fetched 1710 records for 601298.SH
2026-02-18 00:39:45 - stock_picker - INFO - Database tables initialized
2026-02-18 00:39:45 - stock_picker - INFO - Saved 1710 records, 0 failed
2026-02-18 00:39:45 - stock_picker - INFO -   ✓ Saved 1710 records
2026-02-18 00:39:45 - stock_picker - INFO - [13/300] Updating 002600.SZ...
2026-02-18 00:39:46 - stock_picker - INFO - Successfully fetched 2935 records for 002600.SZ
2026-02-18 00:39:46 - stock_picker - INFO - Database tables initialized
2026-02-18 00:39:46 - stock_picker - INFO - Saved 2935 records, 0 failed
2026-02-18 00:39:46 - stock_picker - INFO -   ✓ Saved 2935 records
2026-02-18 00:39:46 - stock_picker - INFO - [14/300] Updating 601077.SH...
2026-02-18 00:39:46 - stock_picker - INFO - Successfully fetched 1531 records for 601077.SH
2026-02-18 00:39:46 - stock_picker - INFO - Database tables initialized
2026-02-18 00:39:46 - stock_picker - INFO - Saved 1531 records, 0 failed
2026-02-18 00:39:46 - stock_picker - INFO -   ✓ Saved 1531 records
2026-02-18 00:39:46 - stock_picker - INFO - [15/300] Updating 601825.SH...
2026-02-18 00:39:46 - stock_picker - INFO - Successfully fetched 1089 records for 601825.SH
2026-02-18 00:39:46 - stock_picker - INFO - Database tables initialized
2026-02-18 00:39:47 - stock_picker - INFO - Saved 1089 records, 0 failed
2026-02-18 00:39:47 - stock_picker - INFO -   ✓ Saved 1089 records
2026-02-18 00:39:47 - stock_picker - INFO - [16/300] Updating 001391.SZ...
2026-02-18 00:39:47 - stock_picker - INFO - Successfully fetched 275 records for 001391.SZ
2026-02-18 00:39:47 - stock_picker - INFO - Database tables initialized
2026-02-18 00:39:47 - stock_picker - INFO - Saved 275 records, 0 failed
2026-02-18 00:39:47 - stock_picker - INFO -   ✓ Saved 275 records
2026-02-18 00:39:47 - stock_picker - INFO - [17/300] Updating 302132.SZ...
2026-02-18 00:39:47 - stock_picker - INFO - Successfully fetched 3106 records for 302132.SZ
2026-02-18 00:39:47 - stock_picker - INFO - Database tables initialized
2026-02-18 00:39:47 - stock_picker - INFO - Saved 3106 records, 0 failed
2026-02-18 00:39:47 - stock_picker - INFO -   ✓ Saved 3106 records
2026-02-18 00:39:47 - stock_picker - INFO - [18/300] Updating 301236.SZ...
2026-02-18 00:39:48 - stock_picker - INFO - Successfully fetched 954 records for 301236.SZ
2026-02-18 00:39:48 - stock_picker - INFO - Database tables initialized
2026-02-18 00:39:48 - stock_picker - INFO - Saved 954 records, 0 failed
2026-02-18 00:39:48 - stock_picker - INFO -   ✓ Saved 954 records
2026-02-18 00:39:48 - stock_picker - INFO - [19/300] Updating 688047.SH...
2026-02-18 00:39:48 - stock_picker - INFO - Successfully fetched 887 records for 688047.SH
2026-02-18 00:39:48 - stock_picker - INFO - Database tables initialized
2026-02-18 00:39:48 - stock_picker - INFO - Saved 887 records, 0 failed
2026-02-18 00:39:48 - stock_picker - INFO -   ✓ Saved 887 records
2026-02-18 00:39:48 - stock_picker - INFO - [20/300] Updating 601058.SH...
2026-02-18 00:39:48 - stock_picker - INFO - Successfully fetched 3155 records for 601058.SH
2026-02-18 00:39:48 - stock_picker - INFO - Database tables initialized
2026-02-18 00:39:49 - stock_picker - INFO - Saved 3155 records, 0 failed
2026-02-18 00:39:49 - stock_picker - INFO -   ✓ Saved 3155 records
2026-02-18 00:39:49 - stock_picker - INFO - [21/300] Updating 688506.SH...
2026-02-18 00:39:49 - stock_picker - INFO - Successfully fetched 754 records for 688506.SH
2026-02-18 00:39:49 - stock_picker - INFO - Database tables initialized
2026-02-18 00:39:49 - stock_picker - INFO - Saved 754 records, 0 failed
2026-02-18 00:39:49 - stock_picker - INFO -   ✓ Saved 754 records
2026-02-18 00:39:49 - stock_picker - INFO - [22/300] Updating 601136.SH...
2026-02-18 00:39:49 - stock_picker - INFO - Successfully fetched 764 records for 601136.SH
2026-02-18 00:39:49 - stock_picker - INFO - Database tables initialized
2026-02-18 00:39:49 - stock_picker - INFO - Saved 764 records, 0 failed
2026-02-18 00:39:49 - stock_picker - INFO -   ✓ Saved 764 records
2026-02-18 00:39:49 - stock_picker - INFO - [23/300] Updating 600066.SH...
2026-02-18 00:39:50 - stock_picker - INFO - Successfully fetched 3155 records for 600066.SH
2026-02-18 00:39:50 - stock_picker - INFO - Database tables initialized
2026-02-18 00:39:50 - stock_picker - INFO - Saved 3155 records, 0 failed
2026-02-18 00:39:50 - stock_picker - INFO -   ✓ Saved 3155 records
2026-02-18 00:39:50 - stock_picker - INFO - [24/300] Updating 688472.SH...
2026-02-18 00:39:50 - stock_picker - INFO - Successfully fetched 653 records for 688472.SH
2026-02-18 00:39:50 - stock_picker - INFO - Database tables initialized
2026-02-18 00:39:50 - stock_picker - INFO - Saved 653 records, 0 failed
2026-02-18 00:39:50 - stock_picker - INFO -   ✓ Saved 653 records
2026-02-18 00:39:50 - stock_picker - INFO - [25/300] Updating 300394.SZ...
2026-02-18 00:39:50 - stock_picker - INFO - Successfully fetched 2661 records for 300394.SZ
2026-02-18 00:39:50 - stock_picker - INFO - Database tables initialized
2026-02-18 00:39:51 - stock_picker - INFO - Saved 2661 records, 0 failed
2026-02-18 00:39:51 - stock_picker - INFO -   ✓ Saved 2661 records
2026-02-18 00:39:51 - stock_picker - INFO - [26/300] Updating 300502.SZ...
2026-02-18 00:39:51 - stock_picker - INFO - Successfully fetched 2420 records for 300502.SZ
2026-02-18 00:39:51 - stock_picker - INFO - Database tables initialized
2026-02-18 00:39:51 - stock_picker - INFO - Saved 2420 records, 0 failed
2026-02-18 00:39:51 - stock_picker - INFO -   ✓ Saved 2420 records
2026-02-18 00:39:51 - stock_picker - INFO - [27/300] Updating 600377.SH...
2026-02-18 00:39:51 - stock_picker - INFO - Successfully fetched 3187 records for 600377.SH
2026-02-18 00:39:51 - stock_picker - INFO - Database tables initialized
2026-02-18 00:39:52 - stock_picker - INFO - Saved 3187 records, 0 failed
2026-02-18 00:39:52 - stock_picker - INFO -   ✓ Saved 3187 records
2026-02-18 00:39:52 - stock_picker - INFO - [28/300] Updating 000630.SZ...
2026-02-18 00:39:52 - stock_picker - INFO - Successfully fetched 3023 records for 000630.SZ
2026-02-18 00:39:52 - stock_picker - INFO - Database tables initialized
2026-02-18 00:39:52 - stock_picker - INFO - Saved 3023 records, 0 failed
2026-02-18 00:39:52 - stock_picker - INFO -   ✓ Saved 3023 records
2026-02-18 00:39:52 - stock_picker - INFO - [29/300] Updating 601127.SH...
2026-02-18 00:39:52 - stock_picker - INFO - Successfully fetched 2327 records for 601127.SH
2026-02-18 00:39:52 - stock_picker - INFO - Database tables initialized
2026-02-18 00:39:53 - stock_picker - INFO - Saved 2327 records, 0 failed
2026-02-18 00:39:53 - stock_picker - INFO -   ✓ Saved 2327 records
2026-02-18 00:39:53 - stock_picker - INFO - [30/300] Updating 002028.SZ...
2026-02-18 00:39:53 - stock_picker - INFO - Successfully fetched 3187 records for 002028.SZ
2026-02-18 00:39:53 - stock_picker - INFO - Database tables initialized
2026-02-18 00:39:53 - stock_picker - INFO - Saved 3187 records, 0 failed
2026-02-18 00:39:53 - stock_picker - INFO -   ✓ Saved 3187 records
2026-02-18 00:39:53 - stock_picker - INFO - [31/300] Updating 002463.SZ...
2026-02-18 00:39:54 - stock_picker - INFO - Successfully fetched 3187 records for 002463.SZ
2026-02-18 00:39:54 - stock_picker - INFO - Database tables initialized
2026-02-18 00:39:54 - stock_picker - INFO - Saved 3187 records, 0 failed
2026-02-18 00:39:54 - stock_picker - INFO -   ✓ Saved 3187 records
2026-02-18 00:39:54 - stock_picker - INFO - [32/300] Updating 600482.SH...
2026-02-18 00:39:54 - stock_picker - INFO - Successfully fetched 3059 records for 600482.SH
2026-02-18 00:39:54 - stock_picker - INFO - Database tables initialized
2026-02-18 00:39:54 - stock_picker - INFO - Saved 3059 records, 0 failed
2026-02-18 00:39:54 - stock_picker - INFO -   ✓ Saved 3059 records
2026-02-18 00:39:54 - stock_picker - INFO - [33/300] Updating 688169.SH...
2026-02-18 00:39:55 - stock_picker - INFO - Successfully fetched 1455 records for 688169.SH
2026-02-18 00:39:55 - stock_picker - INFO - Database tables initialized
2026-02-18 00:39:55 - stock_picker - INFO - Saved 1455 records, 0 failed
2026-02-18 00:39:55 - stock_picker - INFO -   ✓ Saved 1455 records
2026-02-18 00:39:55 - stock_picker - INFO - [34/300] Updating 000975.SZ...
2026-02-18 00:39:55 - stock_picker - INFO - Successfully fetched 3013 records for 000975.SZ
2026-02-18 00:39:55 - stock_picker - INFO - Database tables initialized
2026-02-18 00:39:55 - stock_picker - INFO - Saved 3013 records, 0 failed
2026-02-18 00:39:55 - stock_picker - INFO -   ✓ Saved 3013 records
2026-02-18 00:39:55 - stock_picker - INFO - [35/300] Updating 002422.SZ...
2026-02-18 00:39:56 - stock_picker - INFO - Successfully fetched 3164 records for 002422.SZ
2026-02-18 00:39:56 - stock_picker - INFO - Database tables initialized
2026-02-18 00:39:56 - stock_picker - INFO - Saved 3164 records, 0 failed
2026-02-18 00:39:56 - stock_picker - INFO -   ✓ Saved 3164 records
2026-02-18 00:39:56 - stock_picker - INFO - [36/300] Updating 600160.SH...
2026-02-18 00:39:56 - stock_picker - INFO - Successfully fetched 3154 records for 600160.SH
2026-02-18 00:39:56 - stock_picker - INFO - Database tables initialized
2026-02-18 00:39:56 - stock_picker - INFO - Saved 3154 records, 0 failed
2026-02-18 00:39:56 - stock_picker - INFO -   ✓ Saved 3154 records
2026-02-18 00:39:56 - stock_picker - INFO - [37/300] Updating 600027.SH...
2026-02-18 00:39:57 - stock_picker - INFO - Successfully fetched 3170 records for 600027.SH
2026-02-18 00:39:57 - stock_picker - INFO - Database tables initialized
2026-02-18 00:39:57 - stock_picker - INFO - Saved 3170 records, 0 failed
2026-02-18 00:39:57 - stock_picker - INFO -   ✓ Saved 3170 records
2026-02-18 00:39:57 - stock_picker - INFO - [38/300] Updating 688009.SH...
2026-02-18 00:39:57 - stock_picker - INFO - Successfully fetched 1596 records for 688009.SH
2026-02-18 00:39:57 - stock_picker - INFO - Database tables initialized
2026-02-18 00:39:57 - stock_picker - INFO - Saved 1596 records, 0 failed
2026-02-18 00:39:57 - stock_picker - INFO -   ✓ Saved 1596 records
2026-02-18 00:39:57 - stock_picker - INFO - [39/300] Updating 688082.SH...
2026-02-18 00:39:58 - stock_picker - INFO - Successfully fetched 1031 records for 688082.SH
2026-02-18 00:39:58 - stock_picker - INFO - Database tables initialized
2026-02-18 00:39:58 - stock_picker - INFO - Saved 1031 records, 0 failed
2026-02-18 00:39:58 - stock_picker - INFO -   ✓ Saved 1031 records
2026-02-18 00:39:58 - stock_picker - INFO - [40/300] Updating 603296.SH...
2026-02-18 00:39:58 - stock_picker - INFO - Successfully fetched 613 records for 603296.SH
2026-02-18 00:39:58 - stock_picker - INFO - Database tables initialized
2026-02-18 00:39:58 - stock_picker - INFO - Saved 613 records, 0 failed
2026-02-18 00:39:58 - stock_picker - INFO -   ✓ Saved 613 records
2026-02-18 00:39:58 - stock_picker - INFO - [41/300] Updating 600027.SH...
2026-02-18 00:39:58 - stock_picker - INFO - Successfully fetched 3170 records for 600027.SH
2026-02-18 00:39:58 - stock_picker - INFO - Database tables initialized
2026-02-18 00:39:59 - stock_picker - INFO - Saved 3170 records, 0 failed
2026-02-18 00:39:59 - stock_picker - INFO -   ✓ Saved 3170 records
2026-02-18 00:39:59 - stock_picker - INFO - [42/300] Updating 000807.SZ...
2026-02-18 00:39:59 - stock_picker - INFO - Successfully fetched 3082 records for 000807.SZ
2026-02-18 00:39:59 - stock_picker - INFO - Database tables initialized
2026-02-18 00:39:59 - stock_picker - INFO - Saved 3082 records, 0 failed
2026-02-18 00:39:59 - stock_picker - INFO -   ✓ Saved 3082 records
2026-02-18 00:39:59 - stock_picker - INFO - [43/300] Updating 600161.SH...
2026-02-18 00:40:00 - stock_picker - INFO - Successfully fetched 3066 records for 600161.SH
2026-02-18 00:40:00 - stock_picker - INFO - Database tables initialized
2026-02-18 00:40:00 - stock_picker - INFO - Saved 3066 records, 0 failed
2026-02-18 00:40:00 - stock_picker - INFO -   ✓ Saved 3066 records
2026-02-18 00:40:00 - stock_picker - INFO - [44/300] Updating 600415.SH...
2026-02-18 00:40:00 - stock_picker - INFO - Successfully fetched 3179 records for 600415.SH
2026-02-18 00:40:00 - stock_picker - INFO - Database tables initialized
2026-02-18 00:40:00 - stock_picker - INFO - Saved 3179 records, 0 failed
2026-02-18 00:40:00 - stock_picker - INFO -   ✓ Saved 3179 records
2026-02-18 00:40:00 - stock_picker - INFO - [45/300] Updating 300442.SZ...
2026-02-18 00:40:01 - stock_picker - INFO - Successfully fetched 2615 records for 300442.SZ
2026-02-18 00:40:01 - stock_picker - INFO - Database tables initialized
2026-02-18 00:40:01 - stock_picker - INFO - Saved 2615 records, 0 failed
2026-02-18 00:40:01 - stock_picker - INFO -   ✓ Saved 2615 records
2026-02-18 00:40:01 - stock_picker - INFO - [46/300] Updating 600026.SH...
2026-02-18 00:40:01 - stock_picker - INFO - Successfully fetched 3089 records for 600026.SH
2026-02-18 00:40:01 - stock_picker - INFO - Database tables initialized
2026-02-18 00:40:02 - stock_picker - INFO - Saved 3089 records, 0 failed
2026-02-18 00:40:02 - stock_picker - INFO -   ✓ Saved 3089 records
2026-02-18 00:40:02 - stock_picker - INFO - [47/300] Updating 300832.SZ...
2026-02-18 00:40:02 - stock_picker - INFO - Successfully fetched 1402 records for 300832.SZ
2026-02-18 00:40:02 - stock_picker - INFO - Database tables initialized
2026-02-18 00:40:02 - stock_picker - INFO - Saved 1402 records, 0 failed
2026-02-18 00:40:02 - stock_picker - INFO -   ✓ Saved 1402 records
2026-02-18 00:40:02 - stock_picker - INFO - [48/300] Updating 300418.SZ...
2026-02-18 00:40:02 - stock_picker - INFO - Successfully fetched 2621 records for 300418.SZ
2026-02-18 00:40:02 - stock_picker - INFO - Database tables initialized
2026-02-18 00:40:03 - stock_picker - INFO - Saved 2621 records, 0 failed
2026-02-18 00:40:03 - stock_picker - INFO -   ✓ Saved 2621 records
2026-02-18 00:40:03 - stock_picker - INFO - [49/300] Updating 600489.SH...
2026-02-18 00:40:03 - stock_picker - INFO - Successfully fetched 3168 records for 600489.SH
2026-02-18 00:40:03 - stock_picker - INFO - Database tables initialized
2026-02-18 00:40:03 - stock_picker - INFO - Saved 3168 records, 0 failed
2026-02-18 00:40:03 - stock_picker - INFO -   ✓ Saved 3168 records
2026-02-18 00:40:03 - stock_picker - INFO - [50/300] Updating 000999.SZ...
2026-02-18 00:40:03 - stock_picker - INFO - Successfully fetched 3117 records for 000999.SZ
2026-02-18 00:40:03 - stock_picker - INFO - Database tables initialized
2026-02-18 00:40:04 - stock_picker - INFO - Saved 3117 records, 0 failed
2026-02-18 00:40:04 - stock_picker - INFO -   ✓ Saved 3117 records
2026-02-18 00:40:04 - stock_picker - INFO - [51/300] Updating 300308.SZ...
2026-02-18 00:40:04 - stock_picker - WARNING - Rate limit detected on attempt 1: 抱歉，您每分钟最多访问该接口50次，权限的具体详情访问：https://tushare.pro/document/1?doc_id=108。
2026-02-18 00:40:04 - stock_picker - INFO - Waiting 2.0 seconds before retry...
2026-02-18 00:40:06 - stock_picker - WARNING - Rate limit detected on attempt 2: 抱歉，您每分钟最多访问该接口50次，权限的具体详情访问：https://tushare.pro/document/1?doc_id=108。
2026-02-18 00:40:06 - stock_picker - INFO - Waiting 4.0 seconds before retry...
2026-02-18 00:40:10 - stock_picker - WARNING - Rate limit detected on attempt 3: 抱歉，您每分钟最多访问该接口50次，权限的具体详情访问：https://tushare.pro/document/1?doc_id=108。
2026-02-18 00:40:10 - stock_picker - ERROR - Fetch failed on attempt 3: 抱歉，您每分钟最多访问该接口50次，权限的具体详情访问：https://tushare.pro/document/1?doc_id=108。
2026-02-18 00:40:10 - stock_picker - ERROR - Max retries (3) reached
2026-02-18 00:40:10 - stock_picker - ERROR - Failed to fetch data for 300308.SZ
2026-02-18 00:40:10 - stock_picker - WARNING -   ✗ No data retrieved
2026-02-18 00:40:10 - stock_picker - INFO - [52/300] Updating 600372.SH...
2026-02-18 00:40:11 - stock_picker - WARNING - Rate limit detected on attempt 1: 抱歉，您每分钟最多访问该接口50次，权限的具体详情访问：https://tushare.pro/document/1?doc_id=108。
2026-02-18 00:40:11 - stock_picker - INFO - Waiting 2.0 seconds before retry...
2026-02-18 00:40:13 - stock_picker - WARNING - Rate limit detected on attempt 2: 抱歉，您每分钟最多访问该接口50次，权限的具体详情访问：https://tushare.pro/document/1?doc_id=108。
2026-02-18 00:40:13 - stock_picker - INFO - Waiting 4.0 seconds before retry...
2026-02-18 00:40:17 - stock_picker - WARNING - Rate limit detected on attempt 3: 抱歉，您每分钟最多访问该接口50次，权限的具体详情访问：https://tushare.pro/document/1?doc_id=108。
2026-02-18 00:40:17 - stock_picker - ERROR - Fetch failed on attempt 3: 抱歉，您每分钟最多访问该接口50次，权限的具体详情访问：https://tushare.pro/document/1?doc_id=108。
2026-02-18 00:40:17 - stock_picker - ERROR - Max retries (3) reached
2026-02-18 00:40:17 - stock_picker - ERROR - Failed to fetch data for 600372.SH
2026-02-18 00:40:17 - stock_picker - WARNING -   ✗ No data retrieved
2026-02-18 00:40:17 - stock_picker - INFO - [53/300] Updating 600938.SH...
2026-02-18 00:40:17 - stock_picker - WARNING - Rate limit detected on attempt 1: 抱歉，您每分钟最多访问该接口50次，权限的具体详情访问：https://tushare.pro/document/1?doc_id=108。
2026-02-18 00:40:17 - stock_picker - INFO - Waiting 2.0 seconds before retry...
2026-02-18 00:40:19 - stock_picker - WARNING - Rate limit detected on attempt 2: 抱歉，您每分钟最多访问该接口50次，权限的具体详情访问：https://tushare.pro/document/1?doc_id=108。
2026-02-18 00:40:19 - stock_picker - INFO - Waiting 4.0 seconds before retry...
2026-02-18 00:40:23 - stock_picker - WARNING - Rate limit detected on attempt 3: 抱歉，您每分钟最多访问该接口50次，权限的具体详情访问：https://tushare.pro/document/1?doc_id=108。
2026-02-18 00:40:23 - stock_picker - ERROR - Fetch failed on attempt 3: 抱歉，您每分钟最多访问该接口50次，权限的具体详情访问：https://tushare.pro/document/1?doc_id=108。
2026-02-18 00:40:23 - stock_picker - ERROR - Max retries (3) reached
2026-02-18 00:40:23 - stock_picker - ERROR - Failed to fetch data for 600938.SH
2026-02-18 00:40:23 - stock_picker - WARNING -   ✗ No data retrieved
2026-02-18 00:40:23 - stock_picker - INFO - [54/300] Updating 688256.SH...
2026-02-18 00:40:24 - stock_picker - WARNING - Rate limit detected on attempt 1: 抱歉，您每分钟最多访问该接口50次，权限的具体详情访问：https://tushare.pro/document/1?doc_id=108。
2026-02-18 00:40:24 - stock_picker - INFO - Waiting 2.0 seconds before retry...
2026-02-18 00:40:26 - stock_picker - WARNING - Rate limit detected on attempt 2: 抱歉，您每分钟最多访问该接口50次，权限的具体详情访问：https://tushare.pro/document/1?doc_id=108。
2026-02-18 00:40:26 - stock_picker - INFO - Waiting 4.0 seconds before retry...
2026-02-18 00:40:30 - stock_picker - WARNING - Rate limit detected on attempt 3: 抱歉，您每分钟最多访问该接口50次，权限的具体详情访问：https://tushare.pro/document/1?doc_id=108。
2026-02-18 00:40:30 - stock_picker - ERROR - Fetch failed on attempt 3: 抱歉，您每分钟最多访问该接口50次，权限的具体详情访问：https://tushare.pro/document/1?doc_id=108。
2026-02-18 00:40:30 - stock_picker - ERROR - Max retries (3) reached
2026-02-18 00:40:30 - stock_picker - ERROR - Failed to fetch data for 688256.SH
2026-02-18 00:40:30 - stock_picker - WARNING -   ✗ No data retrieved
2026-02-18 00:40:30 - stock_picker - INFO - [55/300] Updating 301269.SZ...
2026-02-18 00:40:30 - stock_picker - WARNING - Rate limit detected on attempt 1: 抱歉，您每分钟最多访问该接口50次，权限的具体详情访问：https://tushare.pro/document/1?doc_id=108。
2026-02-18 00:40:30 - stock_picker - INFO - Waiting 2.0 seconds before retry...
2026-02-18 00:40:33 - stock_picker - WARNING - Rate limit detected on attempt 2: 抱歉，您每分钟最多访问该接口50次，权限的具体详情访问：https://tushare.pro/document/1?doc_id=108。
2026-02-18 00:40:33 - stock_picker - INFO - Waiting 4.0 seconds before retry...
2026-02-18 00:40:37 - stock_picker - WARNING - Rate limit detected on attempt 3: 抱歉，您每分钟最多访问该接口50次，权限的具体详情访问：https://tushare.pro/document/1?doc_id=108。
2026-02-18 00:40:37 - stock_picker - ERROR - Fetch failed on attempt 3: 抱歉，您每分钟最多访问该接口50次，权限的具体详情访问：https://tushare.pro/document/1?doc_id=108。
2026-02-18 00:40:37 - stock_picker - ERROR - Max retries (3) reached
2026-02-18 00:40:37 - stock_picker - ERROR - Failed to fetch data for 301269.SZ
2026-02-18 00:40:37 - stock_picker - WARNING -   ✗ No data retrieved
2026-02-18 00:40:37 - stock_picker - INFO - [56/300] Updating 600515.SH...
2026-02-18 00:40:37 - stock_picker - WARNING - Rate limit detected on attempt 1: 抱歉，您每分钟最多访问该接口50次，权限的具体详情访问：https://tushare.pro/document/1?doc_id=108。
2026-02-18 00:40:37 - stock_picker - INFO - Waiting 2.0 seconds before retry...
2026-02-18 00:40:39 - stock_picker - WARNING - Rate limit detected on attempt 2: 抱歉，您每分钟最多访问该接口50次，权限的具体详情访问：https://tushare.pro/document/1?doc_id=108。
2026-02-18 00:40:39 - stock_picker - INFO - Waiting 4.0 seconds before retry...
2026-02-18 00:40:43 - stock_picker - INFO - Successfully fetched 2905 records for 600515.SH
2026-02-18 00:40:43 - stock_picker - INFO - Database tables initialized
2026-02-18 00:40:44 - stock_picker - INFO - Saved 2905 records, 0 failed
2026-02-18 00:40:44 - stock_picker - INFO -   ✓ Saved 2905 records
2026-02-18 00:40:44 - stock_picker - INFO - [57/300] Updating 688271.SH...
2026-02-18 00:40:44 - stock_picker - INFO - Successfully fetched 846 records for 688271.SH
2026-02-18 00:40:44 - stock_picker - INFO - Database tables initialized
2026-02-18 00:40:44 - stock_picker - INFO - Saved 846 records, 0 failed
2026-02-18 00:40:44 - stock_picker - INFO -   ✓ Saved 846 records
2026-02-18 00:40:44 - stock_picker - INFO - [58/300] Updating 600023.SH...
2026-02-18 00:40:44 - stock_picker - INFO - Successfully fetched 2958 records for 600023.SH
2026-02-18 00:40:44 - stock_picker - INFO - Database tables initialized
2026-02-18 00:40:45 - stock_picker - INFO - Saved 2958 records, 0 failed
2026-02-18 00:40:45 - stock_picker - INFO -   ✓ Saved 2958 records
2026-02-18 00:40:45 - stock_picker - INFO - [59/300] Updating 601059.SH...
2026-02-18 00:40:45 - stock_picker - INFO - Successfully fetched 721 records for 601059.SH
2026-02-18 00:40:45 - stock_picker - INFO - Database tables initialized
2026-02-18 00:40:45 - stock_picker - INFO - Saved 721 records, 0 failed
2026-02-18 00:40:45 - stock_picker - INFO -   ✓ Saved 721 records
2026-02-18 00:40:45 - stock_picker - INFO - [60/300] Updating 688041.SH...
2026-02-18 00:40:45 - stock_picker - INFO - Successfully fetched 842 records for 688041.SH
2026-02-18 00:40:45 - stock_picker - INFO - Database tables initialized
2026-02-18 00:40:45 - stock_picker - INFO - Saved 842 records, 0 failed
2026-02-18 00:40:45 - stock_picker - INFO -   ✓ Saved 842 records
2026-02-18 00:40:45 - stock_picker - INFO - [61/300] Updating 601916.SH...
2026-02-18 00:40:45 - stock_picker - INFO - Successfully fetched 1505 records for 601916.SH
2026-02-18 00:40:45 - stock_picker - INFO - Database tables initialized
2026-02-18 00:40:46 - stock_picker - INFO - Saved 1505 records, 0 failed
2026-02-18 00:40:46 - stock_picker - INFO -   ✓ Saved 1505 records
2026-02-18 00:40:46 - stock_picker - INFO - [62/300] Updating 601872.SH...
2026-02-18 00:40:46 - stock_picker - INFO - Successfully fetched 3077 records for 601872.SH
2026-02-18 00:40:46 - stock_picker - INFO - Database tables initialized
2026-02-18 00:40:46 - stock_picker - INFO - Saved 3077 records, 0 failed
2026-02-18 00:40:46 - stock_picker - INFO -   ✓ Saved 3077 records
2026-02-18 00:40:46 - stock_picker - INFO - [63/300] Updating 000617.SZ...
2026-02-18 00:40:46 - stock_picker - INFO - Successfully fetched 3076 records for 000617.SZ
2026-02-18 00:40:46 - stock_picker - INFO - Database tables initialized
2026-02-18 00:40:47 - stock_picker - INFO - Saved 3076 records, 0 failed
2026-02-18 00:40:47 - stock_picker - INFO -   ✓ Saved 3076 records
2026-02-18 00:40:47 - stock_picker - INFO - [64/300] Updating 688223.SH...
2026-02-18 00:40:47 - stock_picker - INFO - Successfully fetched 983 records for 688223.SH
2026-02-18 00:40:47 - stock_picker - INFO - Database tables initialized
2026-02-18 00:40:47 - stock_picker - INFO - Saved 983 records, 0 failed
2026-02-18 00:40:47 - stock_picker - INFO -   ✓ Saved 983 records
2026-02-18 00:40:47 - stock_picker - INFO - [65/300] Updating 600875.SH...
2026-02-18 00:40:47 - stock_picker - INFO - Successfully fetched 3111 records for 600875.SH
2026-02-18 00:40:47 - stock_picker - INFO - Database tables initialized
2026-02-18 00:40:48 - stock_picker - INFO - Saved 3111 records, 0 failed
2026-02-18 00:40:48 - stock_picker - INFO -   ✓ Saved 3111 records
2026-02-18 00:40:48 - stock_picker - INFO - [66/300] Updating 601607.SH...
2026-02-18 00:40:48 - stock_picker - INFO - Successfully fetched 3187 records for 601607.SH
2026-02-18 00:40:48 - stock_picker - INFO - Database tables initialized
2026-02-18 00:40:48 - stock_picker - INFO - Saved 3187 records, 0 failed
2026-02-18 00:40:48 - stock_picker - INFO -   ✓ Saved 3187 records
2026-02-18 00:40:48 - stock_picker - INFO - [67/300] Updating 000983.SZ...
2026-02-18 00:40:49 - stock_picker - INFO - Successfully fetched 3177 records for 000983.SZ
2026-02-18 00:40:49 - stock_picker - INFO - Database tables initialized
2026-02-18 00:40:49 - stock_picker - INFO - Saved 3177 records, 0 failed
2026-02-18 00:40:49 - stock_picker - INFO -   ✓ Saved 3177 records
2026-02-18 00:40:49 - stock_picker - INFO - [68/300] Updating 600803.SH...
2026-02-18 00:40:49 - stock_picker - INFO - Successfully fetched 3119 records for 600803.SH
2026-02-18 00:40:49 - stock_picker - INFO - Database tables initialized
2026-02-18 00:40:50 - stock_picker - INFO - Saved 3119 records, 0 failed
2026-02-18 00:40:50 - stock_picker - INFO -   ✓ Saved 3119 records
2026-02-18 00:40:50 - stock_picker - INFO - [69/300] Updating 600039.SH...
2026-02-18 00:40:50 - stock_picker - INFO - Successfully fetched 3165 records for 600039.SH
2026-02-18 00:40:50 - stock_picker - INFO - Database tables initialized
2026-02-18 00:40:50 - stock_picker - INFO - Saved 3165 records, 0 failed
2026-02-18 00:40:50 - stock_picker - INFO -   ✓ Saved 3165 records
2026-02-18 00:40:50 - stock_picker - INFO - [70/300] Updating 688187.SH...
2026-02-18 00:40:50 - stock_picker - INFO - Successfully fetched 1076 records for 688187.SH
2026-02-18 00:40:50 - stock_picker - INFO - Database tables initialized
2026-02-18 00:40:51 - stock_picker - INFO - Saved 1076 records, 0 failed
2026-02-18 00:40:51 - stock_picker - INFO -   ✓ Saved 1076 records
2026-02-18 00:40:51 - stock_picker - INFO - [71/300] Updating 600674.SH...
2026-02-18 00:40:51 - stock_picker - INFO - Successfully fetched 3186 records for 600674.SH
2026-02-18 00:40:51 - stock_picker - INFO - Database tables initialized
2026-02-18 00:40:51 - stock_picker - INFO - Saved 3186 records, 0 failed
2026-02-18 00:40:51 - stock_picker - INFO -   ✓ Saved 3186 records
2026-02-18 00:40:51 - stock_picker - INFO - [72/300] Updating 601689.SH...
2026-02-18 00:40:51 - stock_picker - INFO - Successfully fetched 2646 records for 601689.SH
2026-02-18 00:40:51 - stock_picker - INFO - Database tables initialized
2026-02-18 00:40:52 - stock_picker - INFO - Saved 2646 records, 0 failed
2026-02-18 00:40:52 - stock_picker - INFO -   ✓ Saved 2646 records
2026-02-18 00:40:52 - stock_picker - INFO - [73/300] Updating 688303.SH...
2026-02-18 00:40:52 - stock_picker - INFO - Successfully fetched 1109 records for 688303.SH
2026-02-18 00:40:52 - stock_picker - INFO - Database tables initialized
2026-02-18 00:40:52 - stock_picker - INFO - Saved 1109 records, 0 failed
2026-02-18 00:40:52 - stock_picker - INFO -   ✓ Saved 1109 records
2026-02-18 00:40:52 - stock_picker - INFO - [74/300] Updating 605117.SH...
2026-02-18 00:40:52 - stock_picker - INFO - Successfully fetched 1172 records for 605117.SH
2026-02-18 00:40:52 - stock_picker - INFO - Database tables initialized
2026-02-18 00:40:52 - stock_picker - INFO - Saved 1172 records, 0 failed
2026-02-18 00:40:52 - stock_picker - INFO -   ✓ Saved 1172 records
2026-02-18 00:40:52 - stock_picker - INFO - [75/300] Updating 600233.SH...
2026-02-18 00:40:53 - stock_picker - INFO - Successfully fetched 3090 records for 600233.SH
2026-02-18 00:40:53 - stock_picker - INFO - Database tables initialized
2026-02-18 00:40:53 - stock_picker - INFO - Saved 3090 records, 0 failed
2026-02-18 00:40:53 - stock_picker - INFO -   ✓ Saved 3090 records
2026-02-18 00:40:53 - stock_picker - INFO - [76/300] Updating 000792.SZ...
2026-02-18 00:40:53 - stock_picker - INFO - Successfully fetched 2842 records for 000792.SZ
2026-02-18 00:40:53 - stock_picker - INFO - Database tables initialized
2026-02-18 00:40:54 - stock_picker - INFO - Saved 2842 records, 0 failed
2026-02-18 00:40:54 - stock_picker - INFO -   ✓ Saved 2842 records
2026-02-18 00:40:54 - stock_picker - INFO - [77/300] Updating 600219.SH...
2026-02-18 00:40:54 - stock_picker - INFO - Successfully fetched 3081 records for 600219.SH
2026-02-18 00:40:54 - stock_picker - INFO - Database tables initialized
2026-02-18 00:40:54 - stock_picker - INFO - Saved 3081 records, 0 failed
2026-02-18 00:40:54 - stock_picker - INFO -   ✓ Saved 3081 records
2026-02-18 00:40:54 - stock_picker - INFO - [78/300] Updating 600188.SH...
2026-02-18 00:40:54 - stock_picker - INFO - Successfully fetched 3185 records for 600188.SH
2026-02-18 00:40:54 - stock_picker - INFO - Database tables initialized
2026-02-18 00:40:55 - stock_picker - INFO - Saved 3185 records, 0 failed
2026-02-18 00:40:55 - stock_picker - INFO -   ✓ Saved 3185 records
2026-02-18 00:40:55 - stock_picker - INFO - [79/300] Updating 002920.SZ...
2026-02-18 00:40:55 - stock_picker - INFO - Successfully fetched 1976 records for 002920.SZ
2026-02-18 00:40:55 - stock_picker - INFO - Database tables initialized
2026-02-18 00:40:55 - stock_picker - INFO - Saved 1976 records, 0 failed
2026-02-18 00:40:55 - stock_picker - INFO -   ✓ Saved 1976 records
2026-02-18 00:40:55 - stock_picker - INFO - [80/300] Updating 002648.SZ...
2026-02-18 00:40:56 - stock_picker - INFO - Successfully fetched 3163 records for 002648.SZ
2026-02-18 00:40:56 - stock_picker - INFO - Database tables initialized
2026-02-18 00:40:56 - stock_picker - INFO - Saved 3163 records, 0 failed
2026-02-18 00:40:56 - stock_picker - INFO -   ✓ Saved 3163 records
2026-02-18 00:40:56 - stock_picker - INFO - [81/300] Updating 300661.SZ...
2026-02-18 00:40:56 - stock_picker - INFO - Successfully fetched 2106 records for 300661.SZ
2026-02-18 00:40:56 - stock_picker - INFO - Database tables initialized
2026-02-18 00:40:56 - stock_picker - INFO - Saved 2106 records, 0 failed
2026-02-18 00:40:56 - stock_picker - INFO -   ✓ Saved 2106 records
2026-02-18 00:40:56 - stock_picker - INFO - [82/300] Updating 300979.SZ...
2026-02-18 00:40:57 - stock_picker - INFO - Successfully fetched 1168 records for 300979.SZ
2026-02-18 00:40:57 - stock_picker - INFO - Database tables initialized
2026-02-18 00:40:57 - stock_picker - INFO - Saved 1168 records, 0 failed
2026-02-18 00:40:57 - stock_picker - INFO -   ✓ Saved 1168 records
2026-02-18 00:40:57 - stock_picker - INFO - [83/300] Updating 002920.SZ...
2026-02-18 00:40:57 - stock_picker - INFO - Successfully fetched 1976 records for 002920.SZ
2026-02-18 00:40:57 - stock_picker - INFO - Database tables initialized
2026-02-18 00:40:57 - stock_picker - INFO - Saved 1976 records, 0 failed
2026-02-18 00:40:57 - stock_picker - INFO -   ✓ Saved 1976 records
2026-02-18 00:40:57 - stock_picker - INFO - [84/300] Updating 000792.SZ...
2026-02-18 00:40:57 - stock_picker - INFO - Successfully fetched 2842 records for 000792.SZ
2026-02-18 00:40:57 - stock_picker - INFO - Database tables initialized
2026-02-18 00:40:58 - stock_picker - INFO - Saved 2842 records, 0 failed
2026-02-18 00:40:58 - stock_picker - INFO -   ✓ Saved 2842 records
2026-02-18 00:40:58 - stock_picker - INFO - [85/300] Updating 600219.SH...
2026-02-18 00:40:58 - stock_picker - INFO - Successfully fetched 3081 records for 600219.SH
2026-02-18 00:40:58 - stock_picker - INFO - Database tables initialized
2026-02-18 00:40:58 - stock_picker - INFO - Saved 3081 records, 0 failed
2026-02-18 00:40:58 - stock_picker - INFO -   ✓ Saved 3081 records
2026-02-18 00:40:58 - stock_picker - INFO - [86/300] Updating 600188.SH...
2026-02-18 00:40:59 - stock_picker - INFO - Successfully fetched 3185 records for 600188.SH
2026-02-18 00:40:59 - stock_picker - INFO - Database tables initialized
2026-02-18 00:40:59 - stock_picker - INFO - Saved 3185 records, 0 failed
2026-02-18 00:40:59 - stock_picker - INFO -   ✓ Saved 3185 records
2026-02-18 00:40:59 - stock_picker - INFO - [87/300] Updating 000408.SZ...
2026-02-18 00:40:59 - stock_picker - INFO - Successfully fetched 2986 records for 000408.SZ
2026-02-18 00:40:59 - stock_picker - INFO - Database tables initialized
2026-02-18 00:41:00 - stock_picker - INFO - Saved 2986 records, 0 failed
2026-02-18 00:41:00 - stock_picker - INFO -   ✓ Saved 2986 records
2026-02-18 00:41:00 - stock_picker - INFO - [88/300] Updating 600089.SH...
2026-02-18 00:41:00 - stock_picker - INFO - Successfully fetched 3169 records for 600089.SH
2026-02-18 00:41:00 - stock_picker - INFO - Database tables initialized
2026-02-18 00:41:00 - stock_picker - INFO - Saved 3169 records, 0 failed
2026-02-18 00:41:00 - stock_picker - INFO -   ✓ Saved 3169 records
2026-02-18 00:41:00 - stock_picker - INFO - [89/300] Updating 603260.SH...
2026-02-18 00:41:00 - stock_picker - INFO - Successfully fetched 2017 records for 603260.SH
2026-02-18 00:41:00 - stock_picker - INFO - Database tables initialized
2026-02-18 00:41:01 - stock_picker - INFO - Saved 2017 records, 0 failed
2026-02-18 00:41:01 - stock_picker - INFO -   ✓ Saved 2017 records
2026-02-18 00:41:01 - stock_picker - INFO - [90/300] Updating 300999.SZ...
2026-02-18 00:41:01 - stock_picker - INFO - Successfully fetched 1298 records for 300999.SZ
2026-02-18 00:41:01 - stock_picker - INFO - Database tables initialized
2026-02-18 00:41:01 - stock_picker - INFO - Saved 1298 records, 0 failed
2026-02-18 00:41:01 - stock_picker - INFO -   ✓ Saved 1298 records
2026-02-18 00:41:01 - stock_picker - INFO - [91/300] Updating 300896.SZ...
2026-02-18 00:41:01 - stock_picker - INFO - Successfully fetched 1305 records for 300896.SZ
2026-02-18 00:41:01 - stock_picker - INFO - Database tables initialized
2026-02-18 00:41:01 - stock_picker - INFO - Saved 1305 records, 0 failed
2026-02-18 00:41:01 - stock_picker - INFO -   ✓ Saved 1305 records
2026-02-18 00:41:01 - stock_picker - INFO - [92/300] Updating 688981.SH...
2026-02-18 00:41:02 - stock_picker - INFO - Successfully fetched 1351 records for 688981.SH
2026-02-18 00:41:02 - stock_picker - INFO - Database tables initialized
2026-02-18 00:41:02 - stock_picker - INFO - Saved 1351 records, 0 failed
2026-02-18 00:41:02 - stock_picker - INFO -   ✓ Saved 1351 records
2026-02-18 00:41:02 - stock_picker - INFO - [93/300] Updating 002466.SZ...
2026-02-18 00:41:02 - stock_picker - INFO - Successfully fetched 3051 records for 002466.SZ
2026-02-18 00:41:02 - stock_picker - INFO - Database tables initialized
2026-02-18 00:41:02 - stock_picker - INFO - Saved 3051 records, 0 failed
2026-02-18 00:41:02 - stock_picker - INFO -   ✓ Saved 3051 records
2026-02-18 00:41:02 - stock_picker - INFO - [94/300] Updating 601898.SH...
2026-02-18 00:41:03 - stock_picker - INFO - Successfully fetched 3187 records for 601898.SH
2026-02-18 00:41:03 - stock_picker - INFO - Database tables initialized
2026-02-18 00:41:03 - stock_picker - INFO - Saved 3187 records, 0 failed
2026-02-18 00:41:03 - stock_picker - INFO -   ✓ Saved 3187 records
2026-02-18 00:41:03 - stock_picker - INFO - [95/300] Updating 000301.SZ...
2026-02-18 00:41:03 - stock_picker - INFO - Successfully fetched 3011 records for 000301.SZ
2026-02-18 00:41:03 - stock_picker - INFO - Database tables initialized
2026-02-18 00:41:04 - stock_picker - INFO - Saved 3011 records, 0 failed
2026-02-18 00:41:04 - stock_picker - INFO -   ✓ Saved 3011 records
2026-02-18 00:41:04 - stock_picker - INFO - [96/300] Updating 600905.SH...
2026-02-18 00:41:04 - stock_picker - INFO - Successfully fetched 1138 records for 600905.SH
2026-02-18 00:41:04 - stock_picker - INFO - Database tables initialized
2026-02-18 00:41:04 - stock_picker - INFO - Saved 1138 records, 0 failed
2026-02-18 00:41:04 - stock_picker - INFO -   ✓ Saved 1138 records
2026-02-18 00:41:04 - stock_picker - INFO - [97/300] Updating 300782.SZ...
2026-02-18 00:41:04 - stock_picker - INFO - Successfully fetched 1620 records for 300782.SZ
2026-02-18 00:41:04 - stock_picker - INFO - Database tables initialized
2026-02-18 00:41:04 - stock_picker - INFO - Saved 1620 records, 0 failed
2026-02-18 00:41:04 - stock_picker - INFO -   ✓ Saved 1620 records
2026-02-18 00:41:04 - stock_picker - INFO - [98/300] Updating 601728.SH...
2026-02-18 00:41:05 - stock_picker - INFO - Successfully fetched 1088 records for 601728.SH
2026-02-18 00:41:05 - stock_picker - INFO - Database tables initialized
2026-02-18 00:41:05 - stock_picker - INFO - Saved 1088 records, 0 failed
2026-02-18 00:41:05 - stock_picker - INFO -   ✓ Saved 1088 records
2026-02-18 00:41:05 - stock_picker - INFO - [99/300] Updating 300316.SZ...
2026-02-18 00:41:05 - stock_picker - INFO - Successfully fetched 3084 records for 300316.SZ
2026-02-18 00:41:05 - stock_picker - INFO - Database tables initialized
2026-02-18 00:41:05 - stock_picker - INFO - Saved 3084 records, 0 failed
2026-02-18 00:41:05 - stock_picker - INFO -   ✓ Saved 3084 records
2026-02-18 00:41:05 - stock_picker - INFO - [100/300] Updating 300759.SZ...
2026-02-18 00:41:06 - stock_picker - INFO - Successfully fetched 1711 records for 300759.SZ
2026-02-18 00:41:06 - stock_picker - INFO - Database tables initialized
2026-02-18 00:41:06 - stock_picker - INFO - Saved 1711 records, 0 failed
2026-02-18 00:41:06 - stock_picker - INFO -   ✓ Saved 1711 records
2026-02-18 00:41:06 - stock_picker - INFO - [101/300] Updating 300760.SZ...
2026-02-18 00:41:06 - stock_picker - INFO - Successfully fetched 1783 records for 300760.SZ
2026-02-18 00:41:06 - stock_picker - INFO - Database tables initialized
2026-02-18 00:41:06 - stock_picker - INFO - Saved 1783 records, 0 failed
2026-02-18 00:41:06 - stock_picker - INFO -   ✓ Saved 1783 records
2026-02-18 00:41:06 - stock_picker - INFO - [102/300] Updating 601868.SH...
2026-02-18 00:41:06 - stock_picker - INFO - Successfully fetched 1063 records for 601868.SH
2026-02-18 00:41:06 - stock_picker - INFO - Database tables initialized
2026-02-18 00:41:07 - stock_picker - INFO - Saved 1063 records, 0 failed
2026-02-18 00:41:07 - stock_picker - INFO -   ✓ Saved 1063 records
2026-02-18 00:41:07 - stock_picker - INFO - [103/300] Updating 002459.SZ...
2026-02-18 00:41:07 - stock_picker - INFO - Successfully fetched 3103 records for 002459.SZ
2026-02-18 00:41:07 - stock_picker - INFO - Database tables initialized
2026-02-18 00:41:07 - stock_picker - INFO - Saved 3103 records, 0 failed
2026-02-18 00:41:07 - stock_picker - INFO -   ✓ Saved 3103 records
2026-02-18 00:41:07 - stock_picker - INFO - [104/300] Updating 300750.SZ...
2026-02-18 00:41:07 - stock_picker - INFO - Successfully fetched 1867 records for 300750.SZ
2026-02-18 00:41:07 - stock_picker - INFO - Database tables initialized
2026-02-18 00:41:08 - stock_picker - INFO - Saved 1867 records, 0 failed
2026-02-18 00:41:08 - stock_picker - INFO -   ✓ Saved 1867 records
2026-02-18 00:41:08 - stock_picker - INFO - [105/300] Updating 002709.SZ...
2026-02-18 00:41:08 - stock_picker - INFO - Successfully fetched 2907 records for 002709.SZ
2026-02-18 00:41:08 - stock_picker - INFO - Database tables initialized
2026-02-18 00:41:08 - stock_picker - INFO - Saved 2907 records, 0 failed
2026-02-18 00:41:08 - stock_picker - INFO -   ✓ Saved 2907 records
2026-02-18 00:41:08 - stock_picker - INFO - [106/300] Updating 605499.SH...
2026-02-18 00:41:08 - stock_picker - WARNING - Rate limit detected on attempt 1: 抱歉，您每分钟最多访问该接口50次，权限的具体详情访问：https://tushare.pro/document/1?doc_id=108。
2026-02-18 00:41:08 - stock_picker - INFO - Waiting 2.0 seconds before retry...
2026-02-18 00:41:11 - stock_picker - WARNING - Rate limit detected on attempt 2: 抱歉，您每分钟最多访问该接口50次，权限的具体详情访问：https://tushare.pro/document/1?doc_id=108。
2026-02-18 00:41:11 - stock_picker - INFO - Waiting 4.0 seconds before retry...
2026-02-18 00:41:15 - stock_picker - WARNING - Rate limit detected on attempt 3: 抱歉，您每分钟最多访问该接口50次，权限的具体详情访问：https://tushare.pro/document/1?doc_id=108。
2026-02-18 00:41:15 - stock_picker - ERROR - Fetch failed on attempt 3: 抱歉，您每分钟最多访问该接口50次，权限的具体详情访问：https://tushare.pro/document/1?doc_id=108。
2026-02-18 00:41:15 - stock_picker - ERROR - Max retries (3) reached
2026-02-18 00:41:15 - stock_picker - ERROR - Failed to fetch data for 605499.SH
2026-02-18 00:41:15 - stock_picker - WARNING -   ✗ No data retrieved
2026-02-18 00:41:15 - stock_picker - INFO - [107/300] Updating 688396.SH...
2026-02-18 00:41:15 - stock_picker - WARNING - Rate limit detected on attempt 1: 抱歉，您每分钟最多访问该接口50次，权限的具体详情访问：https://tushare.pro/document/1?doc_id=108。
2026-02-18 00:41:15 - stock_picker - INFO - Waiting 2.0 seconds before retry...
2026-02-18 00:41:17 - stock_picker - WARNING - Rate limit detected on attempt 2: 抱歉，您每分钟最多访问该接口50次，权限的具体详情访问：https://tushare.pro/document/1?doc_id=108。
2026-02-18 00:41:17 - stock_picker - INFO - Waiting 4.0 seconds before retry...
2026-02-18 00:41:21 - stock_picker - WARNING - Rate limit detected on attempt 3: 抱歉，您每分钟最多访问该接口50次，权限的具体详情访问：https://tushare.pro/document/1?doc_id=108。
2026-02-18 00:41:21 - stock_picker - ERROR - Fetch failed on attempt 3: 抱歉，您每分钟最多访问该接口50次，权限的具体详情访问：https://tushare.pro/document/1?doc_id=108。
2026-02-18 00:41:21 - stock_picker - ERROR - Max retries (3) reached
2026-02-18 00:41:21 - stock_picker - ERROR - Failed to fetch data for 688396.SH
2026-02-18 00:41:21 - stock_picker - WARNING -   ✗ No data retrieved
2026-02-18 00:41:21 - stock_picker - INFO - [108/300] Updating 688126.SH...
2026-02-18 00:41:22 - stock_picker - WARNING - Rate limit detected on attempt 1: 抱歉，您每分钟最多访问该接口50次，权限的具体详情访问：https://tushare.pro/document/1?doc_id=108。
2026-02-18 00:41:22 - stock_picker - INFO - Waiting 2.0 seconds before retry...
2026-02-18 00:41:24 - stock_picker - WARNING - Rate limit detected on attempt 2: 抱歉，您每分钟最多访问该接口50次，权限的具体详情访问：https://tushare.pro/document/1?doc_id=108。
2026-02-18 00:41:24 - stock_picker - INFO - Waiting 4.0 seconds before retry...
2026-02-18 00:41:28 - stock_picker - WARNING - Rate limit detected on attempt 3: 抱歉，您每分钟最多访问该接口50次，权限的具体详情访问：https://tushare.pro/document/1?doc_id=108。
2026-02-18 00:41:28 - stock_picker - ERROR - Fetch failed on attempt 3: 抱歉，您每分钟最多访问该接口50次，权限的具体详情访问：https://tushare.pro/document/1?doc_id=108。
2026-02-18 00:41:28 - stock_picker - ERROR - Max retries (3) reached
2026-02-18 00:41:28 - stock_picker - ERROR - Failed to fetch data for 688126.SH
2026-02-18 00:41:28 - stock_picker - WARNING -   ✗ No data retrieved
2026-02-18 00:41:28 - stock_picker - INFO - [109/300] Updating 688111.SH...
2026-02-18 00:41:28 - stock_picker - WARNING - Rate limit detected on attempt 1: 抱歉，您每分钟最多访问该接口50次，权限的具体详情访问：https://tushare.pro/document/1?doc_id=108。
2026-02-18 00:41:28 - stock_picker - INFO - Waiting 2.0 seconds before retry...
2026-02-18 00:41:31 - stock_picker - WARNING - Rate limit detected on attempt 2: 抱歉，您每分钟最多访问该接口50次，权限的具体详情访问：https://tushare.pro/document/1?doc_id=108。
2026-02-18 00:41:31 - stock_picker - INFO - Waiting 4.0 seconds before retry...
2026-02-18 00:41:35 - stock_picker - WARNING - Rate limit detected on attempt 3: 抱歉，您每分钟最多访问该接口50次，权限的具体详情访问：https://tushare.pro/document/1?doc_id=108。
2026-02-18 00:41:35 - stock_picker - ERROR - Fetch failed on attempt 3: 抱歉，您每分钟最多访问该接口50次，权限的具体详情访问：https://tushare.pro/document/1?doc_id=108。
2026-02-18 00:41:35 - stock_picker - ERROR - Max retries (3) reached
2026-02-18 00:41:35 - stock_picker - ERROR - Failed to fetch data for 688111.SH
2026-02-18 00:41:35 - stock_picker - WARNING -   ✗ No data retrieved
2026-02-18 00:41:35 - stock_picker - INFO - [110/300] Updating 601995.SH...
2026-02-18 00:41:35 - stock_picker - WARNING - Rate limit detected on attempt 1: 抱歉，您每分钟最多访问该接口50次，权限的具体详情访问：https://tushare.pro/document/1?doc_id=108。
2026-02-18 00:41:35 - stock_picker - INFO - Waiting 2.0 seconds before retry...
2026-02-18 00:41:37 - stock_picker - WARNING - Rate limit detected on attempt 2: 抱歉，您每分钟最多访问该接口50次，权限的具体详情访问：https://tushare.pro/document/1?doc_id=108。
2026-02-18 00:41:37 - stock_picker - INFO - Waiting 4.0 seconds before retry...
2026-02-18 00:41:41 - stock_picker - WARNING - Rate limit detected on attempt 3: 抱歉，您每分钟最多访问该接口50次，权限的具体详情访问：https://tushare.pro/document/1?doc_id=108。
2026-02-18 00:41:41 - stock_picker - ERROR - Fetch failed on attempt 3: 抱歉，您每分钟最多访问该接口50次，权限的具体详情访问：https://tushare.pro/document/1?doc_id=108。
2026-02-18 00:41:41 - stock_picker - ERROR - Max retries (3) reached
2026-02-18 00:41:41 - stock_picker - ERROR - Failed to fetch data for 601995.SH
2026-02-18 00:41:41 - stock_picker - WARNING -   ✗ No data retrieved
2026-02-18 00:41:41 - stock_picker - INFO - [111/300] Updating 600426.SH...
2026-02-18 00:41:42 - stock_picker - WARNING - Rate limit detected on attempt 1: 抱歉，您每分钟最多访问该接口50次，权限的具体详情访问：https://tushare.pro/document/1?doc_id=108。
2026-02-18 00:41:42 - stock_picker - INFO - Waiting 2.0 seconds before retry...
2026-02-18 00:41:44 - stock_picker - INFO - Successfully fetched 3180 records for 600426.SH
2026-02-18 00:41:44 - stock_picker - INFO - Database tables initialized
2026-02-18 00:41:44 - stock_picker - INFO - Saved 3180 records, 0 failed
2026-02-18 00:41:44 - stock_picker - INFO -   ✓ Saved 3180 records
2026-02-18 00:41:44 - stock_picker - INFO - [112/300] Updating 300274.SZ...
2026-02-18 00:41:45 - stock_picker - INFO - Successfully fetched 3160 records for 300274.SZ
2026-02-18 00:41:45 - stock_picker - INFO - Database tables initialized
2026-02-18 00:41:45 - stock_picker - INFO - Saved 3160 records, 0 failed
2026-02-18 00:41:45 - stock_picker - INFO -   ✓ Saved 3160 records
2026-02-18 00:41:45 - stock_picker - INFO - [113/300] Updating 600600.SH...
2026-02-18 00:41:45 - stock_picker - INFO - Successfully fetched 3187 records for 600600.SH
2026-02-18 00:41:45 - stock_picker - INFO - Database tables initialized
2026-02-18 00:41:46 - stock_picker - INFO - Saved 3187 records, 0 failed
2026-02-18 00:41:46 - stock_picker - INFO -   ✓ Saved 3187 records
2026-02-18 00:41:46 - stock_picker - INFO - [114/300] Updating 688012.SH...
2026-02-18 00:41:46 - stock_picker - INFO - Successfully fetched 1587 records for 688012.SH
2026-02-18 00:41:46 - stock_picker - INFO - Database tables initialized
2026-02-18 00:41:46 - stock_picker - INFO - Saved 1587 records, 0 failed
2026-02-18 00:41:46 - stock_picker - INFO -   ✓ Saved 1587 records
2026-02-18 00:41:46 - stock_picker - INFO - [115/300] Updating 603195.SH...
2026-02-18 00:41:46 - stock_picker - INFO - Successfully fetched 1466 records for 603195.SH
2026-02-18 00:41:46 - stock_picker - INFO - Database tables initialized
2026-02-18 00:41:46 - stock_picker - INFO - Saved 1466 records, 0 failed
2026-02-18 00:41:46 - stock_picker - INFO -   ✓ Saved 1466 records
2026-02-18 00:41:46 - stock_picker - INFO - [116/300] Updating 002049.SZ...
2026-02-18 00:41:47 - stock_picker - INFO - Successfully fetched 2966 records for 002049.SZ
2026-02-18 00:41:47 - stock_picker - INFO - Database tables initialized
2026-02-18 00:41:47 - stock_picker - INFO - Saved 2966 records, 0 failed
2026-02-18 00:41:47 - stock_picker - INFO -   ✓ Saved 2966 records
2026-02-18 00:41:47 - stock_picker - INFO - [117/300] Updating 600150.SH...
2026-02-18 00:41:47 - stock_picker - INFO - Successfully fetched 3046 records for 600150.SH
2026-02-18 00:41:47 - stock_picker - INFO - Database tables initialized
2026-02-18 00:41:48 - stock_picker - INFO - Saved 3046 records, 0 failed
2026-02-18 00:41:48 - stock_picker - INFO -   ✓ Saved 3046 records
2026-02-18 00:41:48 - stock_picker - INFO - [118/300] Updating 603392.SH...
2026-02-18 00:41:48 - stock_picker - INFO - Successfully fetched 1408 records for 603392.SH
2026-02-18 00:41:48 - stock_picker - INFO - Database tables initialized
2026-02-18 00:41:48 - stock_picker - INFO - Saved 1408 records, 0 failed
2026-02-18 00:41:48 - stock_picker - INFO -   ✓ Saved 1408 records
2026-02-18 00:41:48 - stock_picker - INFO - [119/300] Updating 600845.SH...
2026-02-18 00:41:48 - stock_picker - INFO - Successfully fetched 3120 records for 600845.SH
2026-02-18 00:41:48 - stock_picker - INFO - Database tables initialized
2026-02-18 00:41:49 - stock_picker - INFO - Saved 3120 records, 0 failed
2026-02-18 00:41:49 - stock_picker - INFO -   ✓ Saved 3120 records
2026-02-18 00:41:49 - stock_picker - INFO - [120/300] Updating 600918.SH...
2026-02-18 00:41:49 - stock_picker - INFO - Successfully fetched 1386 records for 600918.SH
2026-02-18 00:41:49 - stock_picker - INFO - Database tables initialized
2026-02-18 00:41:49 - stock_picker - INFO - Saved 1386 records, 0 failed
2026-02-18 00:41:49 - stock_picker - INFO -   ✓ Saved 1386 records
2026-02-18 00:41:49 - stock_picker - INFO - [121/300] Updating 600845.SH...
2026-02-18 00:41:49 - stock_picker - INFO - Successfully fetched 3120 records for 600845.SH
2026-02-18 00:41:49 - stock_picker - INFO - Database tables initialized
2026-02-18 00:41:50 - stock_picker - INFO - Saved 3120 records, 0 failed
2026-02-18 00:41:50 - stock_picker - INFO -   ✓ Saved 3120 records
2026-02-18 00:41:50 - stock_picker - INFO - [122/300] Updating 600918.SH...
2026-02-18 00:41:50 - stock_picker - INFO - Successfully fetched 1386 records for 600918.SH
2026-02-18 00:41:50 - stock_picker - INFO - Database tables initialized
2026-02-18 00:41:50 - stock_picker - INFO - Saved 1386 records, 0 failed
2026-02-18 00:41:50 - stock_picker - INFO -   ✓ Saved 1386 records
2026-02-18 00:41:50 - stock_picker - INFO - [123/300] Updating 688008.SH...
2026-02-18 00:41:51 - stock_picker - INFO - Successfully fetched 1596 records for 688008.SH
2026-02-18 00:41:51 - stock_picker - INFO - Database tables initialized
2026-02-18 00:41:51 - stock_picker - INFO - Saved 1596 records, 0 failed
2026-02-18 00:41:51 - stock_picker - INFO -   ✓ Saved 1596 records
2026-02-18 00:41:51 - stock_picker - INFO - [124/300] Updating 000977.SZ...
2026-02-18 00:41:51 - stock_picker - INFO - Successfully fetched 3134 records for 000977.SZ
2026-02-18 00:41:51 - stock_picker - INFO - Database tables initialized
2026-02-18 00:41:51 - stock_picker - INFO - Saved 3134 records, 0 failed
2026-02-18 00:41:51 - stock_picker - INFO -   ✓ Saved 3134 records
2026-02-18 00:41:51 - stock_picker - INFO - [125/300] Updating 601816.SH...
2026-02-18 00:41:52 - stock_picker - INFO - Successfully fetched 1475 records for 601816.SH
2026-02-18 00:41:52 - stock_picker - INFO - Database tables initialized
2026-02-18 00:41:52 - stock_picker - INFO - Saved 1475 records, 0 failed
2026-02-18 00:41:52 - stock_picker - INFO -   ✓ Saved 1475 records
2026-02-18 00:41:52 - stock_picker - INFO - [126/300] Updating 603369.SH...
2026-02-18 00:41:52 - stock_picker - INFO - Successfully fetched 2825 records for 603369.SH
2026-02-18 00:41:52 - stock_picker - INFO - Database tables initialized
2026-02-18 00:41:52 - stock_picker - INFO - Saved 2825 records, 0 failed
2026-02-18 00:41:52 - stock_picker - INFO -   ✓ Saved 2825 records
2026-02-18 00:41:52 - stock_picker - INFO - [127/300] Updating 601100.SH...
2026-02-18 00:41:53 - stock_picker - INFO - Successfully fetched 3148 records for 601100.SH
2026-02-18 00:41:53 - stock_picker - INFO - Database tables initialized
2026-02-18 00:41:53 - stock_picker - INFO - Saved 3148 records, 0 failed
2026-02-18 00:41:53 - stock_picker - INFO -   ✓ Saved 3148 records
2026-02-18 00:41:53 - stock_picker - INFO - [128/300] Updating 000708.SZ...
2026-02-18 00:41:53 - stock_picker - INFO - Successfully fetched 3075 records for 000708.SZ
2026-02-18 00:41:53 - stock_picker - INFO - Database tables initialized
2026-02-18 00:41:54 - stock_picker - INFO - Saved 3075 records, 0 failed
2026-02-18 00:41:54 - stock_picker - INFO -   ✓ Saved 3075 records
2026-02-18 00:41:54 - stock_picker - INFO - [129/300] Updating 002371.SZ...
2026-02-18 00:41:54 - stock_picker - INFO - Successfully fetched 3116 records for 002371.SZ
2026-02-18 00:41:54 - stock_picker - INFO - Database tables initialized
2026-02-18 00:41:54 - stock_picker - INFO - Saved 3116 records, 0 failed
2026-02-18 00:41:54 - stock_picker - INFO -   ✓ Saved 3116 records
2026-02-18 00:41:54 - stock_picker - INFO - [130/300] Updating 003816.SZ...
2026-02-18 00:41:55 - stock_picker - INFO - Successfully fetched 1571 records for 003816.SZ
2026-02-18 00:41:55 - stock_picker - INFO - Database tables initialized
2026-02-18 00:41:55 - stock_picker - INFO - Saved 1571 records, 0 failed
2026-02-18 00:41:55 - stock_picker - INFO -   ✓ Saved 1571 records
2026-02-18 00:41:55 - stock_picker - INFO - [131/300] Updating 300014.SZ...
2026-02-18 00:41:55 - stock_picker - INFO - Successfully fetched 3134 records for 300014.SZ
2026-02-18 00:41:55 - stock_picker - INFO - Database tables initialized
2026-02-18 00:41:55 - stock_picker - INFO - Saved 3134 records, 0 failed
2026-02-18 00:41:55 - stock_picker - INFO -   ✓ Saved 3134 records
2026-02-18 00:41:55 - stock_picker - INFO - [132/300] Updating 300628.SZ...
2026-02-18 00:41:56 - stock_picker - INFO - Successfully fetched 2168 records for 300628.SZ
2026-02-18 00:41:56 - stock_picker - INFO - Database tables initialized
2026-02-18 00:41:56 - stock_picker - INFO - Saved 2168 records, 0 failed
2026-02-18 00:41:56 - stock_picker - INFO -   ✓ Saved 2168 records
2026-02-18 00:41:56 - stock_picker - INFO - [133/300] Updating 601658.SH...
2026-02-18 00:41:56 - stock_picker - INFO - Successfully fetched 1501 records for 601658.SH
2026-02-18 00:41:56 - stock_picker - INFO - Database tables initialized
2026-02-18 00:41:56 - stock_picker - INFO - Saved 1501 records, 0 failed
2026-02-18 00:41:56 - stock_picker - INFO -   ✓ Saved 1501 records
2026-02-18 00:41:56 - stock_picker - INFO - [134/300] Updating 300347.SZ...
2026-02-18 00:41:57 - stock_picker - INFO - Successfully fetched 3050 records for 300347.SZ
2026-02-18 00:41:57 - stock_picker - INFO - Database tables initialized
2026-02-18 00:41:57 - stock_picker - INFO - Saved 3050 records, 0 failed
2026-02-18 00:41:57 - stock_picker - INFO -   ✓ Saved 3050 records
2026-02-18 00:41:57 - stock_picker - INFO - [135/300] Updating 600183.SH...
2026-02-18 00:41:57 - stock_picker - INFO - Successfully fetched 3181 records for 600183.SH
2026-02-18 00:41:57 - stock_picker - INFO - Database tables initialized
2026-02-18 00:41:58 - stock_picker - INFO - Saved 3181 records, 0 failed
2026-02-18 00:41:58 - stock_picker - INFO -   ✓ Saved 3181 records
2026-02-18 00:41:58 - stock_picker - INFO - [136/300] Updating 600989.SH...
2026-02-18 00:41:58 - stock_picker - INFO - Successfully fetched 1642 records for 600989.SH
2026-02-18 00:41:58 - stock_picker - INFO - Database tables initialized
2026-02-18 00:41:58 - stock_picker - INFO - Saved 1642 records, 0 failed
2026-02-18 00:41:58 - stock_picker - INFO -   ✓ Saved 1642 records
2026-02-18 00:41:58 - stock_picker - INFO - [137/300] Updating 601236.SH...
2026-02-18 00:41:58 - stock_picker - INFO - Successfully fetched 1601 records for 601236.SH
2026-02-18 00:41:58 - stock_picker - INFO - Database tables initialized
2026-02-18 00:41:59 - stock_picker - INFO - Saved 1601 records, 0 failed
2026-02-18 00:41:59 - stock_picker - INFO -   ✓ Saved 1601 records
2026-02-18 00:41:59 - stock_picker - INFO - [138/300] Updating 601698.SH...
2026-02-18 00:41:59 - stock_picker - INFO - Successfully fetched 1612 records for 601698.SH
2026-02-18 00:41:59 - stock_picker - INFO - Database tables initialized
2026-02-18 00:41:59 - stock_picker - INFO - Saved 1612 records, 0 failed
2026-02-18 00:41:59 - stock_picker - INFO -   ✓ Saved 1612 records
2026-02-18 00:41:59 - stock_picker - INFO - [139/300] Updating 603501.SH...
2026-02-18 00:41:59 - stock_picker - INFO - Successfully fetched 1966 records for 603501.SH
2026-02-18 00:41:59 - stock_picker - INFO - Database tables initialized
2026-02-18 00:41:59 - stock_picker - INFO - Saved 1966 records, 0 failed
2026-02-18 00:41:59 - stock_picker - INFO -   ✓ Saved 1966 records
2026-02-18 00:41:59 - stock_picker - INFO - [140/300] Updating 002916.SZ...
2026-02-18 00:42:00 - stock_picker - INFO - Successfully fetched 1983 records for 002916.SZ
2026-02-18 00:42:00 - stock_picker - INFO - Database tables initialized
2026-02-18 00:42:00 - stock_picker - INFO - Saved 1983 records, 0 failed
2026-02-18 00:42:00 - stock_picker - INFO -   ✓ Saved 1983 records
2026-02-18 00:42:00 - stock_picker - INFO - [141/300] Updating 000596.SZ...
2026-02-18 00:42:00 - stock_picker - INFO - Successfully fetched 3186 records for 000596.SZ
2026-02-18 00:42:00 - stock_picker - INFO - Database tables initialized
2026-02-18 00:42:01 - stock_picker - INFO - Saved 3186 records, 0 failed
2026-02-18 00:42:01 - stock_picker - INFO -   ✓ Saved 3186 records
2026-02-18 00:42:01 - stock_picker - INFO - [142/300] Updating 002938.SZ...
2026-02-18 00:42:01 - stock_picker - INFO - Successfully fetched 1797 records for 002938.SZ
2026-02-18 00:42:01 - stock_picker - INFO - Database tables initialized
2026-02-18 00:42:01 - stock_picker - INFO - Saved 1797 records, 0 failed
2026-02-18 00:42:01 - stock_picker - INFO -   ✓ Saved 1797 records
2026-02-18 00:42:01 - stock_picker - INFO - [143/300] Updating 300413.SZ...
2026-02-18 00:42:02 - stock_picker - INFO - Successfully fetched 2432 records for 300413.SZ
2026-02-18 00:42:02 - stock_picker - INFO - Database tables initialized
2026-02-18 00:42:02 - stock_picker - INFO - Saved 2432 records, 0 failed
2026-02-18 00:42:02 - stock_picker - INFO -   ✓ Saved 2432 records
2026-02-18 00:42:02 - stock_picker - INFO - [144/300] Updating 300498.SZ...
2026-02-18 00:42:02 - stock_picker - INFO - Successfully fetched 2493 records for 300498.SZ
2026-02-18 00:42:02 - stock_picker - INFO - Database tables initialized
2026-02-18 00:42:02 - stock_picker - INFO - Saved 2493 records, 0 failed
2026-02-18 00:42:02 - stock_picker - INFO -   ✓ Saved 2493 records
2026-02-18 00:42:02 - stock_picker - INFO - [145/300] Updating 601319.SH...
2026-02-18 00:42:03 - stock_picker - INFO - Successfully fetched 1760 records for 601319.SH
2026-02-18 00:42:03 - stock_picker - INFO - Database tables initialized
2026-02-18 00:42:03 - stock_picker - INFO - Saved 1760 records, 0 failed
2026-02-18 00:42:03 - stock_picker - INFO -   ✓ Saved 1760 records
2026-02-18 00:42:03 - stock_picker - INFO - [146/300] Updating 603019.SH...
2026-02-18 00:42:03 - stock_picker - INFO - Successfully fetched 2717 records for 603019.SH
2026-02-18 00:42:03 - stock_picker - INFO - Database tables initialized
2026-02-18 00:42:03 - stock_picker - INFO - Saved 2717 records, 0 failed
2026-02-18 00:42:03 - stock_picker - INFO -   ✓ Saved 2717 records
2026-02-18 00:42:03 - stock_picker - INFO - [147/300] Updating 603986.SH...
2026-02-18 00:42:04 - stock_picker - INFO - Successfully fetched 2100 records for 603986.SH
2026-02-18 00:42:04 - stock_picker - INFO - Database tables initialized
2026-02-18 00:42:04 - stock_picker - INFO - Saved 2100 records, 0 failed
2026-02-18 00:42:04 - stock_picker - INFO -   ✓ Saved 2100 records
2026-02-18 00:42:04 - stock_picker - INFO - [148/300] Updating 002179.SZ...
2026-02-18 00:42:04 - stock_picker - INFO - Successfully fetched 3187 records for 002179.SZ
2026-02-18 00:42:04 - stock_picker - INFO - Database tables initialized
2026-02-18 00:42:05 - stock_picker - INFO - Saved 3187 records, 0 failed
2026-02-18 00:42:05 - stock_picker - INFO -   ✓ Saved 3187 records
2026-02-18 00:42:05 - stock_picker - INFO - [149/300] Updating 000661.SZ...
2026-02-18 00:42:05 - stock_picker - INFO - Successfully fetched 3158 records for 000661.SZ
2026-02-18 00:42:05 - stock_picker - INFO - Database tables initialized
2026-02-18 00:42:05 - stock_picker - INFO - Saved 3158 records, 0 failed
2026-02-18 00:42:05 - stock_picker - INFO -   ✓ Saved 3158 records
2026-02-18 00:42:05 - stock_picker - INFO - [150/300] Updating 002001.SZ...
2026-02-18 00:42:06 - stock_picker - INFO - Successfully fetched 3173 records for 002001.SZ
2026-02-18 00:42:06 - stock_picker - INFO - Database tables initialized
2026-02-18 00:42:06 - stock_picker - INFO - Saved 3173 records, 0 failed
2026-02-18 00:42:06 - stock_picker - INFO -   ✓ Saved 3173 records
2026-02-18 00:42:06 - stock_picker - INFO - [151/300] Updating 601138.SH...
2026-02-18 00:42:06 - stock_picker - INFO - Successfully fetched 1868 records for 601138.SH
2026-02-18 00:42:06 - stock_picker - INFO - Database tables initialized
2026-02-18 00:42:07 - stock_picker - INFO - Saved 1868 records, 0 failed
2026-02-18 00:42:07 - stock_picker - INFO -   ✓ Saved 1868 records
2026-02-18 00:42:07 - stock_picker - INFO - [152/300] Updating 002311.SZ...
2026-02-18 00:42:07 - stock_picker - INFO - Successfully fetched 3177 records for 002311.SZ
2026-02-18 00:42:07 - stock_picker - INFO - Database tables initialized
2026-02-18 00:42:07 - stock_picker - INFO - Saved 3177 records, 0 failed
2026-02-18 00:42:07 - stock_picker - INFO -   ✓ Saved 3177 records
2026-02-18 00:42:07 - stock_picker - INFO - [153/300] Updating 600760.SH...
2026-02-18 00:42:08 - stock_picker - INFO - Successfully fetched 3088 records for 600760.SH
2026-02-18 00:42:08 - stock_picker - INFO - Database tables initialized
2026-02-18 00:42:08 - stock_picker - INFO - Saved 3088 records, 0 failed
2026-02-18 00:42:08 - stock_picker - INFO -   ✓ Saved 3088 records
2026-02-18 00:42:08 - stock_picker - INFO - [154/300] Updating 601066.SH...
2026-02-18 00:42:08 - stock_picker - INFO - Successfully fetched 1861 records for 601066.SH
2026-02-18 00:42:08 - stock_picker - INFO - Database tables initialized
2026-02-18 00:42:09 - stock_picker - INFO - Saved 1861 records, 0 failed
2026-02-18 00:42:09 - stock_picker - INFO -   ✓ Saved 1861 records
2026-02-18 00:42:09 - stock_picker - INFO - [155/300] Updating 603259.SH...
2026-02-18 00:42:09 - stock_picker - INFO - Successfully fetched 1891 records for 603259.SH
2026-02-18 00:42:09 - stock_picker - INFO - Database tables initialized
2026-02-18 00:42:09 - stock_picker - INFO - Saved 1891 records, 0 failed
2026-02-18 00:42:09 - stock_picker - INFO -   ✓ Saved 1891 records
2026-02-18 00:42:09 - stock_picker - INFO - [156/300] Updating 601360.SH...
2026-02-18 00:42:09 - stock_picker - INFO - Successfully fetched 3060 records for 601360.SH
2026-02-18 00:42:09 - stock_picker - INFO - Database tables initialized
2026-02-18 00:42:10 - stock_picker - INFO - Saved 3060 records, 0 failed
2026-02-18 00:42:10 - stock_picker - INFO -   ✓ Saved 3060 records
2026-02-18 00:42:10 - stock_picker - INFO - [157/300] Updating 600025.SH...
2026-02-18 00:42:10 - stock_picker - INFO - Successfully fetched 1983 records for 600025.SH
2026-02-18 00:42:10 - stock_picker - INFO - Database tables initialized
2026-02-18 00:42:10 - stock_picker - INFO - Saved 1983 records, 0 failed
2026-02-18 00:42:10 - stock_picker - INFO -   ✓ Saved 1983 records
2026-02-18 00:42:10 - stock_picker - INFO - [158/300] Updating 600346.SH...
2026-02-18 00:42:11 - stock_picker - INFO - Successfully fetched 2886 records for 600346.SH
2026-02-18 00:42:11 - stock_picker - INFO - Database tables initialized
2026-02-18 00:42:11 - stock_picker - INFO - Saved 2886 records, 0 failed
2026-02-18 00:42:11 - stock_picker - INFO -   ✓ Saved 2886 records
2026-02-18 00:42:11 - stock_picker - INFO - [159/300] Updating 603288.SH...
2026-02-18 00:42:11 - stock_picker - INFO - Successfully fetched 2926 records for 603288.SH
2026-02-18 00:42:11 - stock_picker - INFO - Database tables initialized
2026-02-18 00:42:12 - stock_picker - INFO - Saved 2926 records, 0 failed
2026-02-18 00:42:12 - stock_picker - INFO -   ✓ Saved 2926 records
2026-02-18 00:42:12 - stock_picker - INFO - [160/300] Updating 601238.SH...
2026-02-18 00:42:12 - stock_picker - INFO - Successfully fetched 3177 records for 601238.SH
2026-02-18 00:42:12 - stock_picker - INFO - Database tables initialized
2026-02-18 00:42:12 - stock_picker - INFO - Saved 3177 records, 0 failed
2026-02-18 00:42:12 - stock_picker - INFO -   ✓ Saved 3177 records
2026-02-18 00:42:12 - stock_picker - INFO - [161/300] Updating 601808.SH...
2026-02-18 00:42:13 - stock_picker - WARNING - Rate limit detected on attempt 1: 抱歉，您每分钟最多访问该接口50次，权限的具体详情访问：https://tushare.pro/document/1?doc_id=108。
2026-02-18 00:42:13 - stock_picker - INFO - Waiting 2.0 seconds before retry...
2026-02-18 00:42:15 - stock_picker - WARNING - Rate limit detected on attempt 2: 抱歉，您每分钟最多访问该接口50次，权限的具体详情访问：https://tushare.pro/document/1?doc_id=108。
2026-02-18 00:42:15 - stock_picker - INFO - Waiting 4.0 seconds before retry...
2026-02-18 00:42:19 - stock_picker - WARNING - Rate limit detected on attempt 3: 抱歉，您每分钟最多访问该接口50次，权限的具体详情访问：https://tushare.pro/document/1?doc_id=108。
2026-02-18 00:42:19 - stock_picker - ERROR - Fetch failed on attempt 3: 抱歉，您每分钟最多访问该接口50次，权限的具体详情访问：https://tushare.pro/document/1?doc_id=108。
2026-02-18 00:42:19 - stock_picker - ERROR - Max retries (3) reached
2026-02-18 00:42:19 - stock_picker - ERROR - Failed to fetch data for 601808.SH
2026-02-18 00:42:19 - stock_picker - WARNING -   ✗ No data retrieved
2026-02-18 00:42:19 - stock_picker - INFO - [162/300] Updating 600176.SH...
2026-02-18 00:42:19 - stock_picker - WARNING - Rate limit detected on attempt 1: 抱歉，您每分钟最多访问该接口50次，权限的具体详情访问：https://tushare.pro/document/1?doc_id=108。
2026-02-18 00:42:19 - stock_picker - INFO - Waiting 2.0 seconds before retry...
2026-02-18 00:42:21 - stock_picker - WARNING - Rate limit detected on attempt 2: 抱歉，您每分钟最多访问该接口50次，权限的具体详情访问：https://tushare.pro/document/1?doc_id=108。
2026-02-18 00:42:21 - stock_picker - INFO - Waiting 4.0 seconds before retry...
2026-02-18 00:42:25 - stock_picker - WARNING - Rate limit detected on attempt 3: 抱歉，您每分钟最多访问该接口50次，权限的具体详情访问：https://tushare.pro/document/1?doc_id=108。
2026-02-18 00:42:25 - stock_picker - ERROR - Fetch failed on attempt 3: 抱歉，您每分钟最多访问该接口50次，权限的具体详情访问：https://tushare.pro/document/1?doc_id=108。
2026-02-18 00:42:25 - stock_picker - ERROR - Max retries (3) reached
2026-02-18 00:42:25 - stock_picker - ERROR - Failed to fetch data for 600176.SH
2026-02-18 00:42:25 - stock_picker - WARNING -   ✗ No data retrieved
2026-02-18 00:42:25 - stock_picker - INFO - [163/300] Updating 600438.SH...
2026-02-18 00:42:26 - stock_picker - WARNING - Rate limit detected on attempt 1: 抱歉，您每分钟最多访问该接口50次，权限的具体详情访问：https://tushare.pro/document/1?doc_id=108。
2026-02-18 00:42:26 - stock_picker - INFO - Waiting 2.0 seconds before retry...
2026-02-18 00:42:28 - stock_picker - WARNING - Rate limit detected on attempt 2: 抱歉，您每分钟最多访问该接口50次，权限的具体详情访问：https://tushare.pro/document/1?doc_id=108。
2026-02-18 00:42:28 - stock_picker - INFO - Waiting 4.0 seconds before retry...
2026-02-18 00:42:32 - stock_picker - WARNING - Rate limit detected on attempt 3: 抱歉，您每分钟最多访问该接口50次，权限的具体详情访问：https://tushare.pro/document/1?doc_id=108。
2026-02-18 00:42:32 - stock_picker - ERROR - Fetch failed on attempt 3: 抱歉，您每分钟最多访问该接口50次，权限的具体详情访问：https://tushare.pro/document/1?doc_id=108。
2026-02-18 00:42:32 - stock_picker - ERROR - Max retries (3) reached
2026-02-18 00:42:32 - stock_picker - ERROR - Failed to fetch data for 600438.SH
2026-02-18 00:42:32 - stock_picker - WARNING -   ✗ No data retrieved
2026-02-18 00:42:32 - stock_picker - INFO - [164/300] Updating 600809.SH...
2026-02-18 00:42:32 - stock_picker - WARNING - Rate limit detected on attempt 1: 抱歉，您每分钟最多访问该接口50次，权限的具体详情访问：https://tushare.pro/document/1?doc_id=108。
2026-02-18 00:42:32 - stock_picker - INFO - Waiting 2.0 seconds before retry...
2026-02-18 00:42:35 - stock_picker - WARNING - Rate limit detected on attempt 2: 抱歉，您每分钟最多访问该接口50次，权限的具体详情访问：https://tushare.pro/document/1?doc_id=108。
2026-02-18 00:42:35 - stock_picker - INFO - Waiting 4.0 seconds before retry...
2026-02-18 00:42:39 - stock_picker - WARNING - Rate limit detected on attempt 3: 抱歉，您每分钟最多访问该接口50次，权限的具体详情访问：https://tushare.pro/document/1?doc_id=108。
2026-02-18 00:42:39 - stock_picker - ERROR - Fetch failed on attempt 3: 抱歉，您每分钟最多访问该接口50次，权限的具体详情访问：https://tushare.pro/document/1?doc_id=108。
2026-02-18 00:42:39 - stock_picker - ERROR - Max retries (3) reached
2026-02-18 00:42:39 - stock_picker - ERROR - Failed to fetch data for 600809.SH
2026-02-18 00:42:39 - stock_picker - WARNING -   ✗ No data retrieved
2026-02-18 00:42:39 - stock_picker - INFO - [165/300] Updating 601360.SH...
2026-02-18 00:42:39 - stock_picker - WARNING - Rate limit detected on attempt 1: 抱歉，您每分钟最多访问该接口50次，权限的具体详情访问：https://tushare.pro/document/1?doc_id=108。
2026-02-18 00:42:39 - stock_picker - INFO - Waiting 2.0 seconds before retry...
2026-02-18 00:42:41 - stock_picker - WARNING - Rate limit detected on attempt 2: 抱歉，您每分钟最多访问该接口50次，权限的具体详情访问：https://tushare.pro/document/1?doc_id=108。
2026-02-18 00:42:41 - stock_picker - INFO - Waiting 4.0 seconds before retry...
2026-02-18 00:42:45 - stock_picker - INFO - Successfully fetched 3060 records for 601360.SH
2026-02-18 00:42:45 - stock_picker - INFO - Database tables initialized
2026-02-18 00:42:46 - stock_picker - INFO - Saved 3060 records, 0 failed
2026-02-18 00:42:46 - stock_picker - INFO -   ✓ Saved 3060 records
2026-02-18 00:42:46 - stock_picker - INFO - [166/300] Updating 600025.SH...
2026-02-18 00:42:46 - stock_picker - INFO - Successfully fetched 1983 records for 600025.SH
2026-02-18 00:42:46 - stock_picker - INFO - Database tables initialized
2026-02-18 00:42:46 - stock_picker - INFO - Saved 1983 records, 0 failed
2026-02-18 00:42:46 - stock_picker - INFO -   ✓ Saved 1983 records
2026-02-18 00:42:46 - stock_picker - INFO - [167/300] Updating 600346.SH...
2026-02-18 00:42:47 - stock_picker - INFO - Successfully fetched 2886 records for 600346.SH
2026-02-18 00:42:47 - stock_picker - INFO - Database tables initialized
2026-02-18 00:42:47 - stock_picker - INFO - Saved 2886 records, 0 failed
2026-02-18 00:42:47 - stock_picker - INFO -   ✓ Saved 2886 records
2026-02-18 00:42:47 - stock_picker - INFO - [168/300] Updating 603288.SH...
2026-02-18 00:42:47 - stock_picker - INFO - Successfully fetched 2926 records for 603288.SH
2026-02-18 00:42:47 - stock_picker - INFO - Database tables initialized
2026-02-18 00:42:48 - stock_picker - INFO - Saved 2926 records, 0 failed
2026-02-18 00:42:48 - stock_picker - INFO -   ✓ Saved 2926 records
2026-02-18 00:42:48 - stock_picker - INFO - [169/300] Updating 601238.SH...
2026-02-18 00:42:48 - stock_picker - INFO - Successfully fetched 3177 records for 601238.SH
2026-02-18 00:42:48 - stock_picker - INFO - Database tables initialized
2026-02-18 00:42:49 - stock_picker - INFO - Saved 3177 records, 0 failed
2026-02-18 00:42:49 - stock_picker - INFO -   ✓ Saved 3177 records
2026-02-18 00:42:49 - stock_picker - INFO - [170/300] Updating 601838.SH...
2026-02-18 00:42:49 - stock_picker - INFO - Successfully fetched 1951 records for 601838.SH
2026-02-18 00:42:49 - stock_picker - INFO - Database tables initialized
2026-02-18 00:42:49 - stock_picker - INFO - Saved 1951 records, 0 failed
2026-02-18 00:42:49 - stock_picker - INFO -   ✓ Saved 1951 records
2026-02-18 00:42:49 - stock_picker - INFO - [171/300] Updating 601012.SH...
2026-02-18 00:42:49 - stock_picker - INFO - Successfully fetched 3148 records for 601012.SH
2026-02-18 00:42:49 - stock_picker - INFO - Database tables initialized
2026-02-18 00:42:50 - stock_picker - INFO - Saved 3148 records, 0 failed
2026-02-18 00:42:50 - stock_picker - INFO -   ✓ Saved 3148 records
2026-02-18 00:42:50 - stock_picker - INFO - [172/300] Updating 002601.SZ...
2026-02-18 00:42:50 - stock_picker - INFO - Successfully fetched 3084 records for 002601.SZ
2026-02-18 00:42:50 - stock_picker - INFO - Database tables initialized
2026-02-18 00:42:51 - stock_picker - INFO - Saved 3084 records, 0 failed
2026-02-18 00:42:51 - stock_picker - INFO -   ✓ Saved 3084 records
2026-02-18 00:42:51 - stock_picker - INFO - [173/300] Updating 603799.SH...
2026-02-18 00:42:51 - stock_picker - INFO - Successfully fetched 2652 records for 603799.SH
2026-02-18 00:42:51 - stock_picker - INFO - Database tables initialized
2026-02-18 00:42:51 - stock_picker - INFO - Saved 2652 records, 0 failed
2026-02-18 00:42:51 - stock_picker - INFO -   ✓ Saved 2652 records
2026-02-18 00:42:51 - stock_picker - INFO - [174/300] Updating 600011.SH...
2026-02-18 00:42:52 - stock_picker - INFO - Successfully fetched 3187 records for 600011.SH
2026-02-18 00:42:52 - stock_picker - INFO - Database tables initialized
2026-02-18 00:42:52 - stock_picker - INFO - Saved 3187 records, 0 failed
2026-02-18 00:42:52 - stock_picker - INFO -   ✓ Saved 3187 records
2026-02-18 00:42:52 - stock_picker - INFO - [175/300] Updating 002460.SZ...
2026-02-18 00:42:52 - stock_picker - INFO - Successfully fetched 3109 records for 002460.SZ
2026-02-18 00:42:52 - stock_picker - INFO - Database tables initialized
2026-02-18 00:42:53 - stock_picker - INFO - Saved 3109 records, 0 failed
2026-02-18 00:42:53 - stock_picker - INFO -   ✓ Saved 3109 records
2026-02-18 00:42:53 - stock_picker - INFO - [176/300] Updating 601878.SH...
2026-02-18 00:42:53 - stock_picker - INFO - Successfully fetched 2102 records for 601878.SH
2026-02-18 00:42:53 - stock_picker - INFO - Database tables initialized
2026-02-18 00:42:53 - stock_picker - INFO - Saved 2102 records, 0 failed
2026-02-18 00:42:53 - stock_picker - INFO -   ✓ Saved 2102 records
2026-02-18 00:42:53 - stock_picker - INFO - [177/300] Updating 300122.SZ...
2026-02-18 00:42:53 - stock_picker - INFO - Successfully fetched 3121 records for 300122.SZ
2026-02-18 00:42:53 - stock_picker - INFO - Database tables initialized
2026-02-18 00:42:54 - stock_picker - INFO - Saved 3121 records, 0 failed
2026-02-18 00:42:54 - stock_picker - INFO -   ✓ Saved 3121 records
2026-02-18 00:42:54 - stock_picker - INFO - [178/300] Updating 300015.SZ...
2026-02-18 00:42:54 - stock_picker - INFO - Successfully fetched 3169 records for 300015.SZ
2026-02-18 00:42:54 - stock_picker - INFO - Database tables initialized
2026-02-18 00:42:55 - stock_picker - INFO - Saved 3169 records, 0 failed
2026-02-18 00:42:55 - stock_picker - INFO -   ✓ Saved 3169 records
2026-02-18 00:42:55 - stock_picker - INFO - [179/300] Updating 002352.SZ...
2026-02-18 00:42:55 - stock_picker - INFO - Successfully fetched 3139 records for 002352.SZ
2026-02-18 00:42:55 - stock_picker - INFO - Database tables initialized
2026-02-18 00:42:55 - stock_picker - INFO - Saved 3139 records, 0 failed
2026-02-18 00:42:55 - stock_picker - INFO -   ✓ Saved 3139 records
2026-02-18 00:42:55 - stock_picker - INFO - [180/300] Updating 600436.SH...
2026-02-18 00:42:56 - stock_picker - INFO - Successfully fetched 3175 records for 600436.SH
2026-02-18 00:42:56 - stock_picker - INFO - Database tables initialized
2026-02-18 00:42:56 - stock_picker - INFO - Saved 3175 records, 0 failed
2026-02-18 00:42:56 - stock_picker - INFO -   ✓ Saved 3175 records
2026-02-18 00:42:56 - stock_picker - INFO - [181/300] Updating 600919.SH...
2026-02-18 00:42:56 - stock_picker - INFO - Successfully fetched 2312 records for 600919.SH
2026-02-18 00:42:56 - stock_picker - INFO - Database tables initialized
2026-02-18 00:42:57 - stock_picker - INFO - Saved 2312 records, 0 failed
2026-02-18 00:42:57 - stock_picker - INFO -   ✓ Saved 2312 records
2026-02-18 00:42:57 - stock_picker - INFO - [182/300] Updating 600926.SH...
2026-02-18 00:42:57 - stock_picker - INFO - Successfully fetched 2263 records for 600926.SH
2026-02-18 00:42:57 - stock_picker - INFO - Database tables initialized
2026-02-18 00:42:57 - stock_picker - INFO - Saved 2263 records, 0 failed
2026-02-18 00:42:57 - stock_picker - INFO -   ✓ Saved 2263 records
2026-02-18 00:42:57 - stock_picker - INFO - [183/300] Updating 601229.SH...
2026-02-18 00:42:58 - stock_picker - INFO - Successfully fetched 2249 records for 601229.SH
2026-02-18 00:42:58 - stock_picker - INFO - Database tables initialized
2026-02-18 00:42:58 - stock_picker - INFO - Saved 2249 records, 0 failed
2026-02-18 00:42:58 - stock_picker - INFO -   ✓ Saved 2249 records
2026-02-18 00:42:58 - stock_picker - INFO - [184/300] Updating 601881.SH...
2026-02-18 00:42:58 - stock_picker - INFO - Successfully fetched 2202 records for 601881.SH
2026-02-18 00:42:58 - stock_picker - INFO - Database tables initialized
2026-02-18 00:42:58 - stock_picker - INFO - Saved 2202 records, 0 failed
2026-02-18 00:42:58 - stock_picker - INFO -   ✓ Saved 2202 records
2026-02-18 00:42:58 - stock_picker - INFO - [185/300] Updating 002714.SZ...
2026-02-18 00:42:59 - stock_picker - INFO - Successfully fetched 2906 records for 002714.SZ
2026-02-18 00:42:59 - stock_picker - INFO - Database tables initialized
2026-02-18 00:42:59 - stock_picker - INFO - Saved 2906 records, 0 failed
2026-02-18 00:42:59 - stock_picker - INFO -   ✓ Saved 2906 records
2026-02-18 00:42:59 - stock_picker - INFO - [186/300] Updating 300033.SZ...
2026-02-18 00:42:59 - stock_picker - INFO - Successfully fetched 3186 records for 300033.SZ
2026-02-18 00:42:59 - stock_picker - INFO - Database tables initialized
2026-02-18 00:43:00 - stock_picker - INFO - Saved 3186 records, 0 failed
2026-02-18 00:43:00 - stock_picker - INFO -   ✓ Saved 3186 records
2026-02-18 00:43:00 - stock_picker - INFO - [187/300] Updating 601877.SH...
2026-02-18 00:43:00 - stock_picker - INFO - Successfully fetched 3050 records for 601877.SH
2026-02-18 00:43:00 - stock_picker - INFO - Database tables initialized
2026-02-18 00:43:01 - stock_picker - INFO - Saved 3050 records, 0 failed
2026-02-18 00:43:01 - stock_picker - INFO -   ✓ Saved 3050 records
2026-02-18 00:43:01 - stock_picker - INFO - [188/300] Updating 000938.SZ...
2026-02-18 00:43:01 - stock_picker - INFO - Successfully fetched 2986 records for 000938.SZ
2026-02-18 00:43:01 - stock_picker - INFO - Database tables initialized
2026-02-18 00:43:01 - stock_picker - INFO - Saved 2986 records, 0 failed
2026-02-18 00:43:01 - stock_picker - INFO -   ✓ Saved 2986 records
2026-02-18 00:43:01 - stock_picker - INFO - [189/300] Updating 002027.SZ...
2026-02-18 00:43:02 - stock_picker - INFO - Successfully fetched 3095 records for 002027.SZ
2026-02-18 00:43:02 - stock_picker - INFO - Database tables initialized
2026-02-18 00:43:02 - stock_picker - INFO - Saved 3095 records, 0 failed
2026-02-18 00:43:02 - stock_picker - INFO -   ✓ Saved 3095 records
2026-02-18 00:43:02 - stock_picker - INFO - [190/300] Updating 600061.SH...
2026-02-18 00:43:02 - stock_picker - INFO - Successfully fetched 3058 records for 600061.SH
2026-02-18 00:43:02 - stock_picker - INFO - Database tables initialized
2026-02-18 00:43:03 - stock_picker - INFO - Saved 3058 records, 0 failed
2026-02-18 00:43:03 - stock_picker - INFO -   ✓ Saved 3058 records
2026-02-18 00:43:03 - stock_picker - INFO - [191/300] Updating 001979.SZ...
2026-02-18 00:43:03 - stock_picker - INFO - Successfully fetched 2446 records for 001979.SZ
2026-02-18 00:43:03 - stock_picker - INFO - Database tables initialized
2026-02-18 00:43:03 - stock_picker - INFO - Saved 2446 records, 0 failed
2026-02-18 00:43:03 - stock_picker - INFO -   ✓ Saved 2446 records
2026-02-18 00:43:03 - stock_picker - INFO - [192/300] Updating 601211.SH...
2026-02-18 00:43:04 - stock_picker - INFO - Successfully fetched 2569 records for 601211.SH
2026-02-18 00:43:04 - stock_picker - INFO - Database tables initialized
2026-02-18 00:43:04 - stock_picker - INFO - Saved 2569 records, 0 failed
2026-02-18 00:43:04 - stock_picker - INFO -   ✓ Saved 2569 records
2026-02-18 00:43:04 - stock_picker - INFO - [193/300] Updating 601985.SH...
2026-02-18 00:43:04 - stock_picker - INFO - Successfully fetched 2599 records for 601985.SH
2026-02-18 00:43:04 - stock_picker - INFO - Database tables initialized
2026-02-18 00:43:05 - stock_picker - INFO - Saved 2599 records, 0 failed
2026-02-18 00:43:05 - stock_picker - INFO -   ✓ Saved 2599 records
2026-02-18 00:43:05 - stock_picker - INFO - [194/300] Updating 002736.SZ...
2026-02-18 00:43:05 - stock_picker - INFO - Successfully fetched 2690 records for 002736.SZ
2026-02-18 00:43:05 - stock_picker - INFO - Database tables initialized
2026-02-18 00:43:05 - stock_picker - INFO - Saved 2690 records, 0 failed
2026-02-18 00:43:05 - stock_picker - INFO -   ✓ Saved 2690 records
2026-02-18 00:43:05 - stock_picker - INFO - [195/300] Updating 300059.SZ...
2026-02-18 00:43:06 - stock_picker - INFO - Successfully fetched 3130 records for 300059.SZ
2026-02-18 00:43:06 - stock_picker - INFO - Database tables initialized
2026-02-18 00:43:06 - stock_picker - INFO - Saved 3130 records, 0 failed
2026-02-18 00:43:06 - stock_picker - INFO -   ✓ Saved 3130 records
2026-02-18 00:43:06 - stock_picker - INFO - [196/300] Updating 600958.SH...
2026-02-18 00:43:06 - stock_picker - INFO - Successfully fetched 2642 records for 600958.SH
2026-02-18 00:43:06 - stock_picker - INFO - Database tables initialized
2026-02-18 00:43:07 - stock_picker - INFO - Saved 2642 records, 0 failed
2026-02-18 00:43:07 - stock_picker - INFO -   ✓ Saved 2642 records
2026-02-18 00:43:07 - stock_picker - INFO - [197/300] Updating 601021.SH...
2026-02-18 00:43:07 - stock_picker - INFO - Successfully fetched 2668 records for 601021.SH
2026-02-18 00:43:07 - stock_picker - INFO - Database tables initialized
2026-02-18 00:43:07 - stock_picker - INFO - Saved 2668 records, 0 failed
2026-02-18 00:43:07 - stock_picker - INFO -   ✓ Saved 2668 records
2026-02-18 00:43:07 - stock_picker - INFO - [198/300] Updating 601788.SH...
2026-02-18 00:43:08 - stock_picker - INFO - Successfully fetched 3179 records for 601788.SH
2026-02-18 00:43:08 - stock_picker - INFO - Database tables initialized
2026-02-18 00:43:08 - stock_picker - INFO - Saved 3179 records, 0 failed
2026-02-18 00:43:08 - stock_picker - INFO -   ✓ Saved 3179 records
2026-02-18 00:43:08 - stock_picker - INFO - [199/300] Updating 601919.SH...
2026-02-18 00:43:08 - stock_picker - INFO - Successfully fetched 3039 records for 601919.SH
2026-02-18 00:43:08 - stock_picker - INFO - Database tables initialized
2026-02-18 00:43:09 - stock_picker - INFO - Saved 3039 records, 0 failed
2026-02-18 00:43:09 - stock_picker - INFO -   ✓ Saved 3039 records
2026-02-18 00:43:09 - stock_picker - INFO - [200/300] Updating 000166.SZ...
2026-02-18 00:43:09 - stock_picker - INFO - Successfully fetched 2659 records for 000166.SZ
2026-02-18 00:43:09 - stock_picker - INFO - Database tables initialized
2026-02-18 00:43:09 - stock_picker - INFO - Saved 2659 records, 0 failed
2026-02-18 00:43:09 - stock_picker - INFO -   ✓ Saved 2659 records
2026-02-18 00:43:09 - stock_picker - INFO - [201/300] Updating 600570.SH...
2026-02-18 00:43:10 - stock_picker - INFO - Successfully fetched 3150 records for 600570.SH
2026-02-18 00:43:10 - stock_picker - INFO - Database tables initialized
2026-02-18 00:43:10 - stock_picker - INFO - Saved 3150 records, 0 failed
2026-02-18 00:43:10 - stock_picker - INFO -   ✓ Saved 3150 records
2026-02-18 00:43:10 - stock_picker - INFO - [202/300] Updating 300124.SZ...
2026-02-18 00:43:10 - stock_picker - INFO - Successfully fetched 3174 records for 300124.SZ
2026-02-18 00:43:10 - stock_picker - INFO - Database tables initialized
2026-02-18 00:43:11 - stock_picker - INFO - Saved 3174 records, 0 failed
2026-02-18 00:43:11 - stock_picker - INFO -   ✓ Saved 3174 records
2026-02-18 00:43:11 - stock_picker - INFO - [203/300] Updating 601225.SH...
2026-02-18 00:43:11 - stock_picker - INFO - Successfully fetched 2931 records for 601225.SH
2026-02-18 00:43:11 - stock_picker - INFO - Database tables initialized
2026-02-18 00:43:12 - stock_picker - INFO - Saved 2931 records, 0 failed
2026-02-18 00:43:12 - stock_picker - INFO -   ✓ Saved 2931 records
2026-02-18 00:43:12 - stock_picker - INFO - [204/300] Updating 002252.SZ...
2026-02-18 00:43:12 - stock_picker - INFO - Successfully fetched 2703 records for 002252.SZ
2026-02-18 00:43:12 - stock_picker - INFO - Database tables initialized
2026-02-18 00:43:12 - stock_picker - INFO - Saved 2703 records, 0 failed
2026-02-18 00:43:12 - stock_picker - INFO -   ✓ Saved 2703 records
2026-02-18 00:43:12 - stock_picker - INFO - [205/300] Updating 002475.SZ...
2026-02-18 00:43:13 - stock_picker - INFO - Successfully fetched 3167 records for 002475.SZ
2026-02-18 00:43:13 - stock_picker - INFO - Database tables initialized
2026-02-18 00:43:13 - stock_picker - INFO - Saved 3167 records, 0 failed
2026-02-18 00:43:13 - stock_picker - INFO -   ✓ Saved 3167 records
2026-02-18 00:43:13 - stock_picker - INFO - [206/300] Updating 600018.SH...
2026-02-18 00:43:14 - stock_picker - INFO - Successfully fetched 3139 records for 600018.SH
2026-02-18 00:43:14 - stock_picker - INFO - Database tables initialized
2026-02-18 00:43:14 - stock_picker - INFO - Saved 3139 records, 0 failed
2026-02-18 00:43:14 - stock_picker - INFO -   ✓ Saved 3139 records
2026-02-18 00:43:14 - stock_picker - INFO - [207/300] Updating 002230.SZ...
2026-02-18 00:43:14 - stock_picker - INFO - Successfully fetched 3124 records for 002230.SZ
2026-02-18 00:43:14 - stock_picker - INFO - Database tables initialized
2026-02-18 00:43:15 - stock_picker - INFO - Saved 3124 records, 0 failed
2026-02-18 00:43:15 - stock_picker - INFO -   ✓ Saved 3124 records
2026-02-18 00:43:15 - stock_picker - INFO - [208/300] Updating 000333.SZ...
2026-02-18 00:43:15 - stock_picker - INFO - Successfully fetched 2955 records for 000333.SZ
2026-02-18 00:43:15 - stock_picker - INFO - Database tables initialized
2026-02-18 00:43:15 - stock_picker - INFO - Saved 2955 records, 0 failed
2026-02-18 00:43:15 - stock_picker - INFO -   ✓ Saved 2955 records
2026-02-18 00:43:15 - stock_picker - INFO - [209/300] Updating 000963.SZ...
2026-02-18 00:43:16 - stock_picker - INFO - Successfully fetched 3145 records for 000963.SZ
2026-02-18 00:43:16 - stock_picker - INFO - Database tables initialized
2026-02-18 00:43:16 - stock_picker - INFO - Saved 3145 records, 0 failed
2026-02-18 00:43:16 - stock_picker - INFO -   ✓ Saved 3145 records
2026-02-18 00:43:16 - stock_picker - INFO - [210/300] Updating 603993.SH...
2026-02-18 00:43:17 - stock_picker - INFO - Successfully fetched 3165 records for 603993.SH
2026-02-18 00:43:17 - stock_picker - INFO - Database tables initialized
2026-02-18 00:43:17 - stock_picker - INFO - Saved 3165 records, 0 failed
2026-02-18 00:43:17 - stock_picker - INFO -   ✓ Saved 3165 records
2026-02-18 00:43:17 - stock_picker - INFO - [211/300] Updating 002236.SZ...
2026-02-18 00:43:17 - stock_picker - INFO - Successfully fetched 3180 records for 002236.SZ
2026-02-18 00:43:17 - stock_picker - INFO - Database tables initialized
2026-02-18 00:43:18 - stock_picker - INFO - Saved 3180 records, 0 failed
2026-02-18 00:43:18 - stock_picker - INFO -   ✓ Saved 3180 records
2026-02-18 00:43:18 - stock_picker - INFO - [212/300] Updating 600886.SH...
2026-02-18 00:43:18 - stock_picker - INFO - Successfully fetched 3125 records for 600886.SH
2026-02-18 00:43:18 - stock_picker - INFO - Database tables initialized
2026-02-18 00:43:18 - stock_picker - INFO - Saved 3125 records, 0 failed
2026-02-18 00:43:18 - stock_picker - INFO -   ✓ Saved 3125 records
2026-02-18 00:43:19 - stock_picker - INFO - [213/300] Updating 601800.SH...
2026-02-18 00:43:19 - stock_picker - INFO - Successfully fetched 3187 records for 601800.SH
2026-02-18 00:43:19 - stock_picker - INFO - Database tables initialized
2026-02-18 00:43:19 - stock_picker - INFO - Saved 3187 records, 0 failed
2026-02-18 00:43:19 - stock_picker - INFO -   ✓ Saved 3187 records
2026-02-18 00:43:19 - stock_picker - INFO - [214/300] Updating 000725.SZ...
2026-02-18 00:43:20 - stock_picker - INFO - Successfully fetched 3179 records for 000725.SZ
2026-02-18 00:43:20 - stock_picker - INFO - Database tables initialized
2026-02-18 00:43:20 - stock_picker - INFO - Saved 3179 records, 0 failed
2026-02-18 00:43:20 - stock_picker - INFO -   ✓ Saved 3179 records
2026-02-18 00:43:20 - stock_picker - INFO - [215/300] Updating 002241.SZ...
2026-02-18 00:43:20 - stock_picker - WARNING - Rate limit detected on attempt 1: 抱歉，您每分钟最多访问该接口50次，权限的具体详情访问：https://tushare.pro/document/1?doc_id=108。
2026-02-18 00:43:20 - stock_picker - INFO - Waiting 2.0 seconds before retry...
2026-02-18 00:43:22 - stock_picker - WARNING - Rate limit detected on attempt 2: 抱歉，您每分钟最多访问该接口50次，权限的具体详情访问：https://tushare.pro/document/1?doc_id=108。
2026-02-18 00:43:22 - stock_picker - INFO - Waiting 4.0 seconds before retry...
2026-02-18 00:43:27 - stock_picker - WARNING - Rate limit detected on attempt 3: 抱歉，您每分钟最多访问该接口50次，权限的具体详情访问：https://tushare.pro/document/1?doc_id=108。
2026-02-18 00:43:27 - stock_picker - ERROR - Fetch failed on attempt 3: 抱歉，您每分钟最多访问该接口50次，权限的具体详情访问：https://tushare.pro/document/1?doc_id=108。
2026-02-18 00:43:27 - stock_picker - ERROR - Max retries (3) reached
2026-02-18 00:43:27 - stock_picker - ERROR - Failed to fetch data for 002241.SZ
2026-02-18 00:43:27 - stock_picker - WARNING -   ✗ No data retrieved
2026-02-18 00:43:27 - stock_picker - INFO - [216/300] Updating 601336.SH...
2026-02-18 00:43:27 - stock_picker - WARNING - Rate limit detected on attempt 1: 抱歉，您每分钟最多访问该接口50次，权限的具体详情访问：https://tushare.pro/document/1?doc_id=108。
2026-02-18 00:43:27 - stock_picker - INFO - Waiting 2.0 seconds before retry...
2026-02-18 00:43:29 - stock_picker - WARNING - Rate limit detected on attempt 2: 抱歉，您每分钟最多访问该接口50次，权限的具体详情访问：https://tushare.pro/document/1?doc_id=108。
2026-02-18 00:43:29 - stock_picker - INFO - Waiting 4.0 seconds before retry...
2026-02-18 00:43:33 - stock_picker - WARNING - Rate limit detected on attempt 3: 抱歉，您每分钟最多访问该接口50次，权限的具体详情访问：https://tushare.pro/document/1?doc_id=108。
2026-02-18 00:43:33 - stock_picker - ERROR - Fetch failed on attempt 3: 抱歉，您每分钟最多访问该接口50次，权限的具体详情访问：https://tushare.pro/document/1?doc_id=108。
2026-02-18 00:43:33 - stock_picker - ERROR - Max retries (3) reached
2026-02-18 00:43:33 - stock_picker - ERROR - Failed to fetch data for 601336.SH
2026-02-18 00:43:33 - stock_picker - WARNING -   ✗ No data retrieved
2026-02-18 00:43:33 - stock_picker - INFO - [217/300] Updating 601633.SH...
2026-02-18 00:43:33 - stock_picker - WARNING - Rate limit detected on attempt 1: 抱歉，您每分钟最多访问该接口50次，权限的具体详情访问：https://tushare.pro/document/1?doc_id=108。
2026-02-18 00:43:33 - stock_picker - INFO - Waiting 2.0 seconds before retry...
2026-02-18 00:43:36 - stock_picker - WARNING - Rate limit detected on attempt 2: 抱歉，您每分钟最多访问该接口50次，权限的具体详情访问：https://tushare.pro/document/1?doc_id=108。
2026-02-18 00:43:36 - stock_picker - INFO - Waiting 4.0 seconds before retry...
2026-02-18 00:43:40 - stock_picker - WARNING - Rate limit detected on attempt 3: 抱歉，您每分钟最多访问该接口50次，权限的具体详情访问：https://tushare.pro/document/1?doc_id=108。
2026-02-18 00:43:40 - stock_picker - ERROR - Fetch failed on attempt 3: 抱歉，您每分钟最多访问该接口50次，权限的具体详情访问：https://tushare.pro/document/1?doc_id=108。
2026-02-18 00:43:40 - stock_picker - ERROR - Max retries (3) reached
2026-02-18 00:43:40 - stock_picker - ERROR - Failed to fetch data for 601633.SH
2026-02-18 00:43:40 - stock_picker - WARNING -   ✗ No data retrieved
2026-02-18 00:43:40 - stock_picker - INFO - [218/300] Updating 601669.SH...
2026-02-18 00:43:40 - stock_picker - WARNING - Rate limit detected on attempt 1: 抱歉，您每分钟最多访问该接口50次，权限的具体详情访问：https://tushare.pro/document/1?doc_id=108。
2026-02-18 00:43:40 - stock_picker - INFO - Waiting 2.0 seconds before retry...
2026-02-18 00:43:42 - stock_picker - WARNING - Rate limit detected on attempt 2: 抱歉，您每分钟最多访问该接口50次，权限的具体详情访问：https://tushare.pro/document/1?doc_id=108。
2026-02-18 00:43:42 - stock_picker - INFO - Waiting 4.0 seconds before retry...
2026-02-18 00:43:47 - stock_picker - INFO - Successfully fetched 3074 records for 601669.SH
2026-02-18 00:43:47 - stock_picker - INFO - Database tables initialized
2026-02-18 00:43:47 - stock_picker - INFO - Saved 3074 records, 0 failed
2026-02-18 00:43:47 - stock_picker - INFO -   ✓ Saved 3074 records
2026-02-18 00:43:47 - stock_picker - INFO - [219/300] Updating 601901.SH...
2026-02-18 00:43:47 - stock_picker - INFO - Successfully fetched 3070 records for 601901.SH
2026-02-18 00:43:47 - stock_picker - INFO - Database tables initialized
2026-02-18 00:43:48 - stock_picker - INFO - Saved 3070 records, 0 failed
2026-02-18 00:43:48 - stock_picker - INFO -   ✓ Saved 3070 records
2026-02-18 00:43:48 - stock_picker - INFO - [220/300] Updating 002594.SZ...
2026-02-18 00:43:48 - stock_picker - INFO - Successfully fetched 3177 records for 002594.SZ
2026-02-18 00:43:48 - stock_picker - INFO - Database tables initialized
2026-02-18 00:43:48 - stock_picker - INFO - Saved 3177 records, 0 failed
2026-02-18 00:43:48 - stock_picker - INFO -   ✓ Saved 3177 records
2026-02-18 00:43:48 - stock_picker - INFO - [221/300] Updating 601377.SH...
2026-02-18 00:43:49 - stock_picker - INFO - Successfully fetched 3168 records for 601377.SH
2026-02-18 00:43:49 - stock_picker - INFO - Database tables initialized
2026-02-18 00:43:49 - stock_picker - INFO - Saved 3168 records, 0 failed
2026-02-18 00:43:49 - stock_picker - INFO -   ✓ Saved 3168 records
2026-02-18 00:43:49 - stock_picker - INFO - [222/300] Updating 000776.SZ...
2026-02-18 00:43:50 - stock_picker - INFO - Successfully fetched 3181 records for 000776.SZ
2026-02-18 00:43:50 - stock_picker - INFO - Database tables initialized
2026-02-18 00:43:50 - stock_picker - INFO - Saved 3181 records, 0 failed
2026-02-18 00:43:50 - stock_picker - INFO -   ✓ Saved 3181 records
2026-02-18 00:43:50 - stock_picker - INFO - [223/300] Updating 002415.SZ...
2026-02-18 00:43:50 - stock_picker - INFO - Successfully fetched 3141 records for 002415.SZ
2026-02-18 00:43:50 - stock_picker - INFO - Database tables initialized
2026-02-18 00:43:51 - stock_picker - INFO - Saved 3141 records, 0 failed
2026-02-18 00:43:51 - stock_picker - INFO -   ✓ Saved 3141 records
2026-02-18 00:43:51 - stock_picker - INFO - [224/300] Updating 600115.SH...
2026-02-18 00:43:51 - stock_picker - INFO - Successfully fetched 3173 records for 600115.SH
2026-02-18 00:43:51 - stock_picker - INFO - Database tables initialized
2026-02-18 00:43:51 - stock_picker - INFO - Saved 3173 records, 0 failed
2026-02-18 00:43:51 - stock_picker - INFO -   ✓ Saved 3173 records
2026-02-18 00:43:51 - stock_picker - INFO - [225/300] Updating 600276.SH...
2026-02-18 00:43:52 - stock_picker - INFO - Successfully fetched 3186 records for 600276.SH
2026-02-18 00:43:52 - stock_picker - INFO - Database tables initialized
2026-02-18 00:43:52 - stock_picker - INFO - Saved 3186 records, 0 failed
2026-02-18 00:43:52 - stock_picker - INFO -   ✓ Saved 3186 records
2026-02-18 00:43:52 - stock_picker - INFO - [226/300] Updating 600406.SH...
2026-02-18 00:43:52 - stock_picker - INFO - Successfully fetched 3073 records for 600406.SH
2026-02-18 00:43:52 - stock_picker - INFO - Database tables initialized
2026-02-18 00:43:53 - stock_picker - INFO - Saved 3073 records, 0 failed
2026-02-18 00:43:53 - stock_picker - INFO -   ✓ Saved 3073 records
2026-02-18 00:43:53 - stock_picker - INFO - [227/300] Updating 600887.SH...
2026-02-18 00:43:53 - stock_picker - INFO - Successfully fetched 3159 records for 600887.SH
2026-02-18 00:43:53 - stock_picker - INFO - Database tables initialized
2026-02-18 00:43:54 - stock_picker - INFO - Saved 3159 records, 0 failed
2026-02-18 00:43:54 - stock_picker - INFO -   ✓ Saved 3159 records
2026-02-18 00:43:54 - stock_picker - INFO - [228/300] Updating 600893.SH...
2026-02-18 00:43:54 - stock_picker - INFO - Successfully fetched 3056 records for 600893.SH
2026-02-18 00:43:54 - stock_picker - INFO - Database tables initialized
2026-02-18 00:43:54 - stock_picker - INFO - Saved 3056 records, 0 failed
2026-02-18 00:43:54 - stock_picker - INFO -   ✓ Saved 3056 records
2026-02-18 00:43:54 - stock_picker - INFO - [229/300] Updating 601818.SH...
2026-02-18 00:43:55 - stock_picker - INFO - Successfully fetched 3176 records for 601818.SH
2026-02-18 00:43:55 - stock_picker - INFO - Database tables initialized
2026-02-18 00:43:55 - stock_picker - INFO - Saved 3176 records, 0 failed
2026-02-18 00:43:55 - stock_picker - INFO -   ✓ Saved 3176 records
2026-02-18 00:43:55 - stock_picker - INFO - [230/300] Updating 601288.SH...
2026-02-18 00:43:55 - stock_picker - INFO - Successfully fetched 3187 records for 601288.SH
2026-02-18 00:43:55 - stock_picker - INFO - Database tables initialized
2026-02-18 00:43:56 - stock_picker - INFO - Saved 3187 records, 0 failed
2026-02-18 00:43:56 - stock_picker - INFO -   ✓ Saved 3187 records
2026-02-18 00:43:56 - stock_picker - INFO - [231/300] Updating 002304.SZ...
2026-02-18 00:43:56 - stock_picker - INFO - Successfully fetched 3187 records for 002304.SZ
2026-02-18 00:43:56 - stock_picker - INFO - Database tables initialized
2026-02-18 00:43:56 - stock_picker - INFO - Saved 3187 records, 0 failed
2026-02-18 00:43:56 - stock_picker - INFO -   ✓ Saved 3187 records
2026-02-18 00:43:56 - stock_picker - INFO - [232/300] Updating 600999.SH...
2026-02-18 00:43:57 - stock_picker - INFO - Successfully fetched 3173 records for 600999.SH
2026-02-18 00:43:57 - stock_picker - INFO - Database tables initialized
2026-02-18 00:43:57 - stock_picker - INFO - Saved 3173 records, 0 failed
2026-02-18 00:43:57 - stock_picker - INFO -   ✓ Saved 3173 records
2026-02-18 00:43:57 - stock_picker - INFO - [233/300] Updating 601688.SH...
2026-02-18 00:43:58 - stock_picker - INFO - Successfully fetched 3180 records for 601688.SH
2026-02-18 00:43:58 - stock_picker - INFO - Database tables initialized
2026-02-18 00:43:58 - stock_picker - INFO - Saved 3180 records, 0 failed
2026-02-18 00:43:58 - stock_picker - INFO -   ✓ Saved 3180 records
2026-02-18 00:43:58 - stock_picker - INFO - [234/300] Updating 601888.SH...
2026-02-18 00:43:59 - stock_picker - INFO - Successfully fetched 3131 records for 601888.SH
2026-02-18 00:43:59 - stock_picker - INFO - Database tables initialized
2026-02-18 00:43:59 - stock_picker - INFO - Saved 3131 records, 0 failed
2026-02-18 00:43:59 - stock_picker - INFO -   ✓ Saved 3131 records
2026-02-18 00:43:59 - stock_picker - INFO - [235/300] Updating 601618.SH...
2026-02-18 00:43:59 - stock_picker - INFO - Successfully fetched 3115 records for 601618.SH
2026-02-18 00:43:59 - stock_picker - INFO - Database tables initialized
2026-02-18 00:44:00 - stock_picker - INFO - Saved 3115 records, 0 failed
2026-02-18 00:44:00 - stock_picker - INFO -   ✓ Saved 3115 records
2026-02-18 00:44:00 - stock_picker - INFO - [236/300] Updating 601668.SH...
2026-02-18 00:44:00 - stock_picker - INFO - Successfully fetched 3187 records for 601668.SH
2026-02-18 00:44:00 - stock_picker - INFO - Database tables initialized
2026-02-18 00:44:01 - stock_picker - INFO - Saved 3187 records, 0 failed
2026-02-18 00:44:01 - stock_picker - INFO -   ✓ Saved 3187 records
2026-02-18 00:44:01 - stock_picker - INFO - [237/300] Updating 601766.SH...
2026-02-18 00:44:01 - stock_picker - INFO - Successfully fetched 3101 records for 601766.SH
2026-02-18 00:44:01 - stock_picker - INFO - Database tables initialized
2026-02-18 00:44:01 - stock_picker - INFO - Saved 3101 records, 0 failed
2026-02-18 00:44:01 - stock_picker - INFO -   ✓ Saved 3101 records
2026-02-18 00:44:01 - stock_picker - INFO - [238/300] Updating 000100.SZ...
2026-02-18 00:44:02 - stock_picker - INFO - Successfully fetched 2994 records for 000100.SZ
2026-02-18 00:44:02 - stock_picker - INFO - Database tables initialized
2026-02-18 00:44:02 - stock_picker - INFO - Saved 2994 records, 0 failed
2026-02-18 00:44:02 - stock_picker - INFO -   ✓ Saved 2994 records
2026-02-18 00:44:02 - stock_picker - INFO - [239/300] Updating 600588.SH...
2026-02-18 00:44:02 - stock_picker - INFO - Successfully fetched 3170 records for 600588.SH
2026-02-18 00:44:02 - stock_picker - INFO - Database tables initialized
2026-02-18 00:44:03 - stock_picker - INFO - Saved 3170 records, 0 failed
2026-02-18 00:44:03 - stock_picker - INFO -   ✓ Saved 3170 records
2026-02-18 00:44:03 - stock_picker - INFO - [240/300] Updating 601186.SH...
2026-02-18 00:44:03 - stock_picker - INFO - Successfully fetched 3180 records for 601186.SH
2026-02-18 00:44:03 - stock_picker - INFO - Database tables initialized
2026-02-18 00:44:04 - stock_picker - INFO - Saved 3180 records, 0 failed
2026-02-18 00:44:04 - stock_picker - INFO -   ✓ Saved 3180 records
2026-02-18 00:44:04 - stock_picker - INFO - [241/300] Updating 601899.SH...
2026-02-18 00:44:04 - stock_picker - INFO - Successfully fetched 3157 records for 601899.SH
2026-02-18 00:44:04 - stock_picker - INFO - Database tables initialized
2026-02-18 00:44:04 - stock_picker - INFO - Saved 3157 records, 0 failed
2026-02-18 00:44:04 - stock_picker - INFO -   ✓ Saved 3157 records
2026-02-18 00:44:04 - stock_picker - INFO - [242/300] Updating 601390.SH...
2026-02-18 00:44:05 - stock_picker - INFO - Successfully fetched 3101 records for 601390.SH
2026-02-18 00:44:05 - stock_picker - INFO - Database tables initialized
2026-02-18 00:44:05 - stock_picker - INFO - Saved 3101 records, 0 failed
2026-02-18 00:44:05 - stock_picker - INFO -   ✓ Saved 3101 records
2026-02-18 00:44:05 - stock_picker - INFO - [243/300] Updating 601601.SH...
2026-02-18 00:44:05 - stock_picker - INFO - Successfully fetched 3187 records for 601601.SH
2026-02-18 00:44:05 - stock_picker - INFO - Database tables initialized
2026-02-18 00:44:06 - stock_picker - INFO - Saved 3187 records, 0 failed
2026-02-18 00:44:06 - stock_picker - INFO -   ✓ Saved 3187 records
2026-02-18 00:44:06 - stock_picker - INFO - [244/300] Updating 601939.SH...
2026-02-18 00:44:06 - stock_picker - INFO - Successfully fetched 3187 records for 601939.SH
2026-02-18 00:44:06 - stock_picker - INFO - Database tables initialized
2026-02-18 00:44:07 - stock_picker - INFO - Saved 3187 records, 0 failed
2026-02-18 00:44:07 - stock_picker - INFO -   ✓ Saved 3187 records
2026-02-18 00:44:07 - stock_picker - INFO - [245/300] Updating 000338.SZ...
2026-02-18 00:44:07 - stock_picker - INFO - Successfully fetched 3183 records for 000338.SZ
2026-02-18 00:44:07 - stock_picker - INFO - Database tables initialized
2026-02-18 00:44:08 - stock_picker - INFO - Saved 3183 records, 0 failed
2026-02-18 00:44:08 - stock_picker - INFO -   ✓ Saved 3183 records
2026-02-18 00:44:08 - stock_picker - INFO - [246/300] Updating 000895.SZ...
2026-02-18 00:44:08 - stock_picker - INFO - Successfully fetched 3172 records for 000895.SZ
2026-02-18 00:44:08 - stock_picker - INFO - Database tables initialized
2026-02-18 00:44:09 - stock_picker - INFO - Saved 3172 records, 0 failed
2026-02-18 00:44:09 - stock_picker - INFO -   ✓ Saved 3172 records
2026-02-18 00:44:09 - stock_picker - INFO - [247/300] Updating 002142.SZ...
2026-02-18 00:44:09 - stock_picker - INFO - Successfully fetched 3179 records for 002142.SZ
2026-02-18 00:44:09 - stock_picker - INFO - Database tables initialized
2026-02-18 00:44:09 - stock_picker - INFO - Saved 3179 records, 0 failed
2026-02-18 00:44:09 - stock_picker - INFO -   ✓ Saved 3179 records
2026-02-18 00:44:09 - stock_picker - INFO - [248/300] Updating 600111.SH...
2026-02-18 00:44:10 - stock_picker - INFO - Successfully fetched 3187 records for 600111.SH
2026-02-18 00:44:10 - stock_picker - INFO - Database tables initialized
2026-02-18 00:44:10 - stock_picker - INFO - Saved 3187 records, 0 failed
2026-02-18 00:44:10 - stock_picker - INFO -   ✓ Saved 3187 records
2026-02-18 00:44:10 - stock_picker - INFO - [249/300] Updating 601009.SH...
2026-02-18 00:44:11 - stock_picker - INFO - Successfully fetched 3179 records for 601009.SH
2026-02-18 00:44:11 - stock_picker - INFO - Database tables initialized
2026-02-18 00:44:11 - stock_picker - INFO - Saved 3179 records, 0 failed
2026-02-18 00:44:11 - stock_picker - INFO -   ✓ Saved 3179 records
2026-02-18 00:44:11 - stock_picker - INFO - [250/300] Updating 601169.SH...
2026-02-18 00:44:11 - stock_picker - INFO - Successfully fetched 3147 records for 601169.SH
2026-02-18 00:44:11 - stock_picker - INFO - Database tables initialized
2026-02-18 00:44:12 - stock_picker - INFO - Saved 3147 records, 0 failed
2026-02-18 00:44:12 - stock_picker - INFO -   ✓ Saved 3147 records
2026-02-18 00:44:12 - stock_picker - INFO - [251/300] Updating 601857.SH...
2026-02-18 00:44:12 - stock_picker - INFO - Successfully fetched 3186 records for 601857.SH
2026-02-18 00:44:12 - stock_picker - INFO - Database tables initialized
2026-02-18 00:44:13 - stock_picker - INFO - Saved 3186 records, 0 failed
2026-02-18 00:44:13 - stock_picker - INFO -   ✓ Saved 3186 records
2026-02-18 00:44:13 - stock_picker - INFO - [252/300] Updating 601088.SH...
2026-02-18 00:44:13 - stock_picker - INFO - Successfully fetched 3113 records for 601088.SH
2026-02-18 00:44:13 - stock_picker - INFO - Database tables initialized
2026-02-18 00:44:13 - stock_picker - INFO - Saved 3113 records, 0 failed
2026-02-18 00:44:13 - stock_picker - INFO -   ✓ Saved 3113 records
2026-02-18 00:44:13 - stock_picker - INFO - [253/300] Updating 000876.SZ...
2026-02-18 00:44:14 - stock_picker - INFO - Successfully fetched 3047 records for 000876.SZ
2026-02-18 00:44:14 - stock_picker - INFO - Database tables initialized
2026-02-18 00:44:14 - stock_picker - INFO - Saved 3047 records, 0 failed
2026-02-18 00:44:14 - stock_picker - INFO -   ✓ Saved 3047 records
2026-02-18 00:44:14 - stock_picker - INFO - [254/300] Updating 601328.SH...
2026-02-18 00:44:15 - stock_picker - INFO - Successfully fetched 3187 records for 601328.SH
2026-02-18 00:44:15 - stock_picker - INFO - Database tables initialized
2026-02-18 00:44:15 - stock_picker - INFO - Saved 3187 records, 0 failed
2026-02-18 00:44:15 - stock_picker - INFO -   ✓ Saved 3187 records
2026-02-18 00:44:15 - stock_picker - INFO - [255/300] Updating 601998.SH...
2026-02-18 00:44:16 - stock_picker - INFO - Successfully fetched 3185 records for 601998.SH
2026-02-18 00:44:16 - stock_picker - INFO - Database tables initialized
2026-02-18 00:44:16 - stock_picker - INFO - Saved 3185 records, 0 failed
2026-02-18 00:44:16 - stock_picker - INFO -   ✓ Saved 3185 records
2026-02-18 00:44:16 - stock_picker - INFO - [256/300] Updating 601600.SH...
2026-02-18 00:44:16 - stock_picker - INFO - Successfully fetched 3078 records for 601600.SH
2026-02-18 00:44:16 - stock_picker - INFO - Database tables initialized
2026-02-18 00:44:17 - stock_picker - INFO - Saved 3078 records, 0 failed
2026-02-18 00:44:17 - stock_picker - INFO -   ✓ Saved 3078 records
2026-02-18 00:44:17 - stock_picker - INFO - [257/300] Updating 601318.SH...
2026-02-18 00:44:17 - stock_picker - INFO - Successfully fetched 3186 records for 601318.SH
2026-02-18 00:44:17 - stock_picker - INFO - Database tables initialized
2026-02-18 00:44:18 - stock_picker - INFO - Saved 3186 records, 0 failed
2026-02-18 00:44:18 - stock_picker - INFO -   ✓ Saved 3186 records
2026-02-18 00:44:18 - stock_picker - INFO - [258/300] Updating 601166.SH...
2026-02-18 00:44:18 - stock_picker - INFO - Successfully fetched 3182 records for 601166.SH
2026-02-18 00:44:18 - stock_picker - INFO - Database tables initialized
2026-02-18 00:44:19 - stock_picker - INFO - Saved 3182 records, 0 failed
2026-02-18 00:44:19 - stock_picker - INFO -   ✓ Saved 3182 records
2026-02-18 00:44:19 - stock_picker - INFO - [259/300] Updating 601628.SH...
2026-02-18 00:44:19 - stock_picker - INFO - Successfully fetched 3186 records for 601628.SH
2026-02-18 00:44:19 - stock_picker - INFO - Database tables initialized
2026-02-18 00:44:20 - stock_picker - INFO - Saved 3186 records, 0 failed
2026-02-18 00:44:20 - stock_picker - INFO -   ✓ Saved 3186 records
2026-02-18 00:44:20 - stock_picker - INFO - [260/300] Updating 600547.SH...
2026-02-18 00:44:20 - stock_picker - INFO - Successfully fetched 3013 records for 600547.SH
2026-02-18 00:44:20 - stock_picker - INFO - Database tables initialized
2026-02-18 00:44:21 - stock_picker - INFO - Saved 3013 records, 0 failed
2026-02-18 00:44:21 - stock_picker - INFO -   ✓ Saved 3013 records
2026-02-18 00:44:21 - stock_picker - INFO - [261/300] Updating 601111.SH...
2026-02-18 00:44:21 - stock_picker - INFO - Successfully fetched 3165 records for 601111.SH
2026-02-18 00:44:21 - stock_picker - INFO - Database tables initialized
2026-02-18 00:44:21 - stock_picker - INFO - Saved 3165 records, 0 failed
2026-02-18 00:44:21 - stock_picker - INFO -   ✓ Saved 3165 records
2026-02-18 00:44:21 - stock_picker - INFO - [262/300] Updating 600048.SH...
2026-02-18 00:44:22 - stock_picker - INFO - Successfully fetched 3180 records for 600048.SH
2026-02-18 00:44:22 - stock_picker - INFO - Database tables initialized
2026-02-18 00:44:22 - stock_picker - INFO - Saved 3180 records, 0 failed
2026-02-18 00:44:22 - stock_picker - INFO -   ✓ Saved 3180 records
2026-02-18 00:44:22 - stock_picker - INFO - [263/300] Updating 601398.SH...
2026-02-18 00:44:23 - stock_picker - INFO - Successfully fetched 3187 records for 601398.SH
2026-02-18 00:44:23 - stock_picker - INFO - Database tables initialized
2026-02-18 00:44:23 - stock_picker - INFO - Saved 3187 records, 0 failed
2026-02-18 00:44:23 - stock_picker - INFO -   ✓ Saved 3187 records
2026-02-18 00:44:23 - stock_picker - INFO - [264/300] Updating 601006.SH...
2026-02-18 00:44:23 - stock_picker - INFO - Successfully fetched 3185 records for 601006.SH
2026-02-18 00:44:23 - stock_picker - INFO - Database tables initialized
2026-02-18 00:44:24 - stock_picker - INFO - Saved 3185 records, 0 failed
2026-02-18 00:44:24 - stock_picker - INFO -   ✓ Saved 3185 records
2026-02-18 00:44:24 - stock_picker - INFO - [265/300] Updating 601988.SH...
2026-02-18 00:44:24 - stock_picker - INFO - Successfully fetched 3187 records for 601988.SH
2026-02-18 00:44:24 - stock_picker - INFO - Database tables initialized
2026-02-18 00:44:24 - stock_picker - INFO - Saved 3187 records, 0 failed
2026-02-18 00:44:24 - stock_picker - INFO -   ✓ Saved 3187 records
2026-02-18 00:44:24 - stock_picker - INFO - [266/300] Updating 000768.SZ...
2026-02-18 00:44:25 - stock_picker - INFO - Successfully fetched 3169 records for 000768.SZ
2026-02-18 00:44:25 - stock_picker - INFO - Database tables initialized
2026-02-18 00:44:25 - stock_picker - INFO - Saved 3169 records, 0 failed
2026-02-18 00:44:25 - stock_picker - INFO -   ✓ Saved 3169 records
2026-02-18 00:44:25 - stock_picker - INFO - [267/300] Updating 000538.SZ...
2026-02-18 00:44:26 - stock_picker - INFO - Successfully fetched 3023 records for 000538.SZ
2026-02-18 00:44:26 - stock_picker - INFO - Database tables initialized
2026-02-18 00:44:26 - stock_picker - INFO - Saved 3023 records, 0 failed
2026-02-18 00:44:26 - stock_picker - INFO -   ✓ Saved 3023 records
2026-02-18 00:44:26 - stock_picker - INFO - [268/300] Updating 600690.SH...
2026-02-18 00:44:26 - stock_picker - WARNING - Rate limit detected on attempt 1: 抱歉，您每分钟最多访问该接口50次，权限的具体详情访问：https://tushare.pro/document/1?doc_id=108。
2026-02-18 00:44:26 - stock_picker - INFO - Waiting 2.0 seconds before retry...
2026-02-18 00:44:28 - stock_picker - WARNING - Rate limit detected on attempt 2: 抱歉，您每分钟最多访问该接口50次，权限的具体详情访问：https://tushare.pro/document/1?doc_id=108。
2026-02-18 00:44:28 - stock_picker - INFO - Waiting 4.0 seconds before retry...
2026-02-18 00:44:32 - stock_picker - WARNING - Rate limit detected on attempt 3: 抱歉，您每分钟最多访问该接口50次，权限的具体详情访问：https://tushare.pro/document/1?doc_id=108。
2026-02-18 00:44:32 - stock_picker - ERROR - Fetch failed on attempt 3: 抱歉，您每分钟最多访问该接口50次，权限的具体详情访问：https://tushare.pro/document/1?doc_id=108。
2026-02-18 00:44:32 - stock_picker - ERROR - Max retries (3) reached
2026-02-18 00:44:32 - stock_picker - ERROR - Failed to fetch data for 600690.SH
2026-02-18 00:44:32 - stock_picker - WARNING -   ✗ No data retrieved
2026-02-18 00:44:32 - stock_picker - INFO - [269/300] Updating 600660.SH...
2026-02-18 00:44:33 - stock_picker - WARNING - Rate limit detected on attempt 1: 抱歉，您每分钟最多访问该接口50次，权限的具体详情访问：https://tushare.pro/document/1?doc_id=108。
2026-02-18 00:44:33 - stock_picker - INFO - Waiting 2.0 seconds before retry...
2026-02-18 00:44:35 - stock_picker - WARNING - Rate limit detected on attempt 2: 抱歉，您每分钟最多访问该接口50次，权限的具体详情访问：https://tushare.pro/document/1?doc_id=108。
2026-02-18 00:44:35 - stock_picker - INFO - Waiting 4.0 seconds before retry...
2026-02-18 00:44:39 - stock_picker - WARNING - Rate limit detected on attempt 3: 抱歉，您每分钟最多访问该接口50次，权限的具体详情访问：https://tushare.pro/document/1?doc_id=108。
2026-02-18 00:44:39 - stock_picker - ERROR - Fetch failed on attempt 3: 抱歉，您每分钟最多访问该接口50次，权限的具体详情访问：https://tushare.pro/document/1?doc_id=108。
2026-02-18 00:44:39 - stock_picker - ERROR - Max retries (3) reached
2026-02-18 00:44:39 - stock_picker - ERROR - Failed to fetch data for 600660.SH
2026-02-18 00:44:39 - stock_picker - WARNING -   ✗ No data retrieved
2026-02-18 00:44:39 - stock_picker - INFO - [270/300] Updating 600585.SH...
2026-02-18 00:44:39 - stock_picker - WARNING - Rate limit detected on attempt 1: 抱歉，您每分钟最多访问该接口50次，权限的具体详情访问：https://tushare.pro/document/1?doc_id=108。
2026-02-18 00:44:39 - stock_picker - INFO - Waiting 2.0 seconds before retry...
2026-02-18 00:44:41 - stock_picker - WARNING - Rate limit detected on attempt 2: 抱歉，您每分钟最多访问该接口50次，权限的具体详情访问：https://tushare.pro/document/1?doc_id=108。
2026-02-18 00:44:41 - stock_picker - INFO - Waiting 4.0 seconds before retry...
2026-02-18 00:44:46 - stock_picker - WARNING - Rate limit detected on attempt 3: 抱歉，您每分钟最多访问该接口50次，权限的具体详情访问：https://tushare.pro/document/1?doc_id=108。
2026-02-18 00:44:46 - stock_picker - ERROR - Fetch failed on attempt 3: 抱歉，您每分钟最多访问该接口50次，权限的具体详情访问：https://tushare.pro/document/1?doc_id=108。
2026-02-18 00:44:46 - stock_picker - ERROR - Max retries (3) reached
2026-02-18 00:44:46 - stock_picker - ERROR - Failed to fetch data for 600585.SH
2026-02-18 00:44:46 - stock_picker - WARNING -   ✗ No data retrieved
2026-02-18 00:44:46 - stock_picker - INFO - [271/300] Updating 600519.SH...
2026-02-18 00:44:46 - stock_picker - WARNING - Rate limit detected on attempt 1: 抱歉，您每分钟最多访问该接口50次，权限的具体详情访问：https://tushare.pro/document/1?doc_id=108。
2026-02-18 00:44:46 - stock_picker - INFO - Waiting 2.0 seconds before retry...
2026-02-18 00:44:48 - stock_picker - INFO - Successfully fetched 3187 records for 600519.SH
2026-02-18 00:44:48 - stock_picker - INFO - Database tables initialized
2026-02-18 00:44:49 - stock_picker - INFO - Saved 3187 records, 0 failed
2026-02-18 00:44:49 - stock_picker - INFO -   ✓ Saved 3187 records
2026-02-18 00:44:49 - stock_picker - INFO - [272/300] Updating 600362.SH...
2026-02-18 00:44:49 - stock_picker - INFO - Successfully fetched 3179 records for 600362.SH
2026-02-18 00:44:49 - stock_picker - INFO - Database tables initialized
2026-02-18 00:44:50 - stock_picker - INFO - Saved 3179 records, 0 failed
2026-02-18 00:44:50 - stock_picker - INFO -   ✓ Saved 3179 records
2026-02-18 00:44:50 - stock_picker - INFO - [273/300] Updating 000858.SZ...
2026-02-18 00:44:50 - stock_picker - INFO - Successfully fetched 3127 records for 000858.SZ
2026-02-18 00:44:50 - stock_picker - INFO - Database tables initialized
2026-02-18 00:44:50 - stock_picker - INFO - Saved 3127 records, 0 failed
2026-02-18 00:44:50 - stock_picker - INFO -   ✓ Saved 3127 records
2026-02-18 00:44:50 - stock_picker - INFO - [274/300] Updating 000625.SZ...
2026-02-18 00:44:51 - stock_picker - INFO - Successfully fetched 3133 records for 000625.SZ
2026-02-18 00:44:51 - stock_picker - INFO - Database tables initialized
2026-02-18 00:44:51 - stock_picker - INFO - Saved 3133 records, 0 failed
2026-02-18 00:44:51 - stock_picker - INFO -   ✓ Saved 3133 records
2026-02-18 00:44:51 - stock_picker - INFO - [275/300] Updating 000651.SZ...
2026-02-18 00:44:51 - stock_picker - INFO - Successfully fetched 3029 records for 000651.SZ
2026-02-18 00:44:51 - stock_picker - INFO - Database tables initialized
2026-02-18 00:44:52 - stock_picker - INFO - Saved 3029 records, 0 failed
2026-02-18 00:44:52 - stock_picker - INFO -   ✓ Saved 3029 records
2026-02-18 00:44:52 - stock_picker - INFO - [276/300] Updating 000568.SZ...
2026-02-18 00:44:52 - stock_picker - INFO - Successfully fetched 3169 records for 000568.SZ
2026-02-18 00:44:52 - stock_picker - INFO - Database tables initialized
2026-02-18 00:44:53 - stock_picker - INFO - Saved 3169 records, 0 failed
2026-02-18 00:44:53 - stock_picker - INFO -   ✓ Saved 3169 records
2026-02-18 00:44:53 - stock_picker - INFO - [277/300] Updating 000425.SZ...
2026-02-18 00:44:53 - stock_picker - INFO - Successfully fetched 3147 records for 000425.SZ
2026-02-18 00:44:53 - stock_picker - INFO - Database tables initialized
2026-02-18 00:44:53 - stock_picker - INFO - Saved 3147 records, 0 failed
2026-02-18 00:44:53 - stock_picker - INFO -   ✓ Saved 3147 records
2026-02-18 00:44:53 - stock_picker - INFO - [278/300] Updating 000157.SZ...
2026-02-18 00:44:54 - stock_picker - INFO - Successfully fetched 3180 records for 000157.SZ
2026-02-18 00:44:54 - stock_picker - INFO - Database tables initialized
2026-02-18 00:44:54 - stock_picker - INFO - Saved 3180 records, 0 failed
2026-02-18 00:44:54 - stock_picker - INFO -   ✓ Saved 3180 records
2026-02-18 00:44:54 - stock_picker - INFO - [279/300] Updating 000063.SZ...
2026-02-18 00:44:55 - stock_picker - INFO - Successfully fetched 3107 records for 000063.SZ
2026-02-18 00:44:55 - stock_picker - INFO - Database tables initialized
2026-02-18 00:44:55 - stock_picker - INFO - Saved 3107 records, 0 failed
2026-02-18 00:44:55 - stock_picker - INFO -   ✓ Saved 3107 records
2026-02-18 00:44:55 - stock_picker - INFO - [280/300] Updating 000001.SZ...
2026-02-18 00:44:55 - stock_picker - INFO - Successfully fetched 3185 records for 000001.SZ
2026-02-18 00:44:55 - stock_picker - INFO - Database tables initialized
2026-02-18 00:44:56 - stock_picker - INFO - Saved 3185 records, 0 failed
2026-02-18 00:44:56 - stock_picker - INFO -   ✓ Saved 3185 records
2026-02-18 00:44:56 - stock_picker - INFO - [281/300] Updating 600009.SH...
2026-02-18 00:44:56 - stock_picker - INFO - Successfully fetched 3176 records for 600009.SH
2026-02-18 00:44:56 - stock_picker - INFO - Database tables initialized
2026-02-18 00:44:57 - stock_picker - INFO - Saved 3176 records, 0 failed
2026-02-18 00:44:57 - stock_picker - INFO -   ✓ Saved 3176 records
2026-02-18 00:44:57 - stock_picker - INFO - [282/300] Updating 600010.SH...
2026-02-18 00:44:57 - stock_picker - INFO - Successfully fetched 3136 records for 600010.SH
2026-02-18 00:44:57 - stock_picker - INFO - Database tables initialized
2026-02-18 00:44:57 - stock_picker - INFO - Saved 3136 records, 0 failed
2026-02-18 00:44:57 - stock_picker - INFO -   ✓ Saved 3136 records
2026-02-18 00:44:57 - stock_picker - INFO - [283/300] Updating 600015.SH...
2026-02-18 00:44:58 - stock_picker - INFO - Successfully fetched 3187 records for 600015.SH
2026-02-18 00:44:58 - stock_picker - INFO - Database tables initialized
2026-02-18 00:44:58 - stock_picker - INFO - Saved 3187 records, 0 failed
2026-02-18 00:44:58 - stock_picker - INFO -   ✓ Saved 3187 records
2026-02-18 00:44:58 - stock_picker - INFO - [284/300] Updating 600016.SH...
2026-02-18 00:44:58 - stock_picker - INFO - Successfully fetched 3187 records for 600016.SH
2026-02-18 00:44:58 - stock_picker - INFO - Database tables initialized
2026-02-18 00:44:59 - stock_picker - INFO - Saved 3187 records, 0 failed
2026-02-18 00:44:59 - stock_picker - INFO -   ✓ Saved 3187 records
2026-02-18 00:44:59 - stock_picker - INFO - [285/300] Updating 600019.SH...
2026-02-18 00:44:59 - stock_picker - INFO - Successfully fetched 3095 records for 600019.SH
2026-02-18 00:44:59 - stock_picker - INFO - Database tables initialized
2026-02-18 00:45:00 - stock_picker - INFO - Saved 3095 records, 0 failed
2026-02-18 00:45:00 - stock_picker - INFO -   ✓ Saved 3095 records
2026-02-18 00:45:00 - stock_picker - INFO - [286/300] Updating 600028.SH...
2026-02-18 00:45:00 - stock_picker - INFO - Successfully fetched 3187 records for 600028.SH
2026-02-18 00:45:00 - stock_picker - INFO - Database tables initialized
2026-02-18 00:45:00 - stock_picker - INFO - Saved 3187 records, 0 failed
2026-02-18 00:45:00 - stock_picker - INFO -   ✓ Saved 3187 records
2026-02-18 00:45:00 - stock_picker - INFO - [287/300] Updating 600029.SH...
2026-02-18 00:45:01 - stock_picker - INFO - Successfully fetched 3184 records for 600029.SH
2026-02-18 00:45:01 - stock_picker - INFO - Database tables initialized
2026-02-18 00:45:01 - stock_picker - INFO - Saved 3184 records, 0 failed
2026-02-18 00:45:01 - stock_picker - INFO -   ✓ Saved 3184 records
2026-02-18 00:45:01 - stock_picker - INFO - [288/300] Updating 600030.SH...
2026-02-18 00:45:01 - stock_picker - INFO - Successfully fetched 3170 records for 600030.SH
2026-02-18 00:45:01 - stock_picker - INFO - Database tables initialized
2026-02-18 00:45:02 - stock_picker - INFO - Saved 3170 records, 0 failed
2026-02-18 00:45:02 - stock_picker - INFO -   ✓ Saved 3170 records
2026-02-18 00:45:02 - stock_picker - INFO - [289/300] Updating 600031.SH...
2026-02-18 00:45:02 - stock_picker - INFO - Successfully fetched 3185 records for 600031.SH
2026-02-18 00:45:02 - stock_picker - INFO - Database tables initialized
2026-02-18 00:45:03 - stock_picker - INFO - Saved 3185 records, 0 failed
2026-02-18 00:45:03 - stock_picker - INFO -   ✓ Saved 3185 records
2026-02-18 00:45:03 - stock_picker - INFO - [290/300] Updating 600036.SH...
2026-02-18 00:45:03 - stock_picker - INFO - Successfully fetched 3176 records for 600036.SH
2026-02-18 00:45:03 - stock_picker - INFO - Database tables initialized
2026-02-18 00:45:03 - stock_picker - INFO - Saved 3176 records, 0 failed
2026-02-18 00:45:03 - stock_picker - INFO -   ✓ Saved 3176 records
2026-02-18 00:45:03 - stock_picker - INFO - [291/300] Updating 600050.SH...
2026-02-18 00:45:04 - stock_picker - INFO - Successfully fetched 3092 records for 600050.SH
2026-02-18 00:45:04 - stock_picker - INFO - Database tables initialized
2026-02-18 00:45:04 - stock_picker - INFO - Saved 3092 records, 0 failed
2026-02-18 00:45:04 - stock_picker - INFO -   ✓ Saved 3092 records
2026-02-18 00:45:04 - stock_picker - INFO - [292/300] Updating 000858.SZ...
2026-02-18 00:45:04 - stock_picker - INFO - Successfully fetched 3127 records for 000858.SZ
2026-02-18 00:45:04 - stock_picker - INFO - Database tables initialized
2026-02-18 00:45:05 - stock_picker - INFO - Saved 3127 records, 0 failed
2026-02-18 00:45:05 - stock_picker - INFO -   ✓ Saved 3127 records
2026-02-18 00:45:05 - stock_picker - INFO - [293/300] Updating 000625.SZ...
2026-02-18 00:45:05 - stock_picker - INFO - Successfully fetched 3133 records for 000625.SZ
2026-02-18 00:45:05 - stock_picker - INFO - Database tables initialized
2026-02-18 00:45:06 - stock_picker - INFO - Saved 3133 records, 0 failed
2026-02-18 00:45:06 - stock_picker - INFO -   ✓ Saved 3133 records
2026-02-18 00:45:06 - stock_picker - INFO - [294/300] Updating 000651.SZ...
2026-02-18 00:45:06 - stock_picker - INFO - Successfully fetched 3029 records for 000651.SZ
2026-02-18 00:45:06 - stock_picker - INFO - Database tables initialized
2026-02-18 00:45:06 - stock_picker - INFO - Saved 3029 records, 0 failed
2026-02-18 00:45:06 - stock_picker - INFO -   ✓ Saved 3029 records
2026-02-18 00:45:06 - stock_picker - INFO - [295/300] Updating 000568.SZ...
2026-02-18 00:45:07 - stock_picker - INFO - Successfully fetched 3169 records for 000568.SZ
2026-02-18 00:45:07 - stock_picker - INFO - Database tables initialized
2026-02-18 00:45:07 - stock_picker - INFO - Saved 3169 records, 0 failed
2026-02-18 00:45:07 - stock_picker - INFO -   ✓ Saved 3169 records
2026-02-18 00:45:07 - stock_picker - INFO - [296/300] Updating 000425.SZ...
2026-02-18 00:45:08 - stock_picker - INFO - Successfully fetched 3147 records for 000425.SZ
2026-02-18 00:45:08 - stock_picker - INFO - Database tables initialized
2026-02-18 00:45:08 - stock_picker - INFO - Saved 3147 records, 0 failed
2026-02-18 00:45:08 - stock_picker - INFO -   ✓ Saved 3147 records
2026-02-18 00:45:08 - stock_picker - INFO - [297/300] Updating 000157.SZ...
2026-02-18 00:45:08 - stock_picker - INFO - Successfully fetched 3180 records for 000157.SZ
2026-02-18 00:45:08 - stock_picker - INFO - Database tables initialized
2026-02-18 00:45:09 - stock_picker - INFO - Saved 3180 records, 0 failed
2026-02-18 00:45:09 - stock_picker - INFO -   ✓ Saved 3180 records
2026-02-18 00:45:09 - stock_picker - INFO - [298/300] Updating 000063.SZ...
2026-02-18 00:45:09 - stock_picker - INFO - Successfully fetched 3107 records for 000063.SZ
2026-02-18 00:45:09 - stock_picker - INFO - Database tables initialized
2026-02-18 00:45:10 - stock_picker - INFO - Saved 3107 records, 0 failed
2026-02-18 00:45:10 - stock_picker - INFO -   ✓ Saved 3107 records
2026-02-18 00:45:10 - stock_picker - INFO - [299/300] Updating 000001.SZ...
2026-02-18 00:45:10 - stock_picker - INFO - Successfully fetched 3185 records for 000001.SZ
2026-02-18 00:45:10 - stock_picker - INFO - Database tables initialized
2026-02-18 00:45:10 - stock_picker - INFO - Saved 3185 records, 0 failed
2026-02-18 00:45:10 - stock_picker - INFO -   ✓ Saved 3185 records
2026-02-18 00:45:10 - stock_picker - INFO - [300/300] Updating 000002.SZ...
2026-02-18 00:45:11 - stock_picker - INFO - Successfully fetched 3041 records for 000002.SZ
2026-02-18 00:45:11 - stock_picker - INFO - Database tables initialized
2026-02-18 00:45:11 - stock_picker - INFO - Saved 3041 records, 0 failed
2026-02-18 00:45:11 - stock_picker - INFO -   ✓ Saved 3041 records
2026-02-18 00:45:11 - stock_picker - INFO - Batch update completed: {'total': 300, 'success': 280, 'failed': 20, 'total_records': 746035, 'failed_stocks': ['300308.SZ', '600372.SH', '600938.SH', '688256.SH', '301269.SZ', '605499.SH', '688396.SH', '688126.SH', '688111.SH', '601995.SH', '601808.SH', '600176.SH', '600438.SH', '600809.SH', '002241.SZ', '601336.SH', '601633.SH', '600690.SH', '600660.SH', '600585.SH']}
2026-02-18 00:45:11 - stock_picker - INFO - 
============================================================
2026-02-18 00:45:11 - stock_picker - INFO - 全量数据收集完成
2026-02-18 00:45:11 - stock_picker - INFO - Full Data Collection Completed
2026-02-18 00:45:11 - stock_picker - INFO - 总股票数 (Total): 300
2026-02-18 00:45:11 - stock_picker - INFO - 成功 (Success): 280
2026-02-18 00:45:11 - stock_picker - INFO - 失败 (Failed): 20
2026-02-18 00:45:11 - stock_picker - INFO - 总记录数 (Total records): 746035
2026-02-18 00:45:11 - stock_picker - INFO - ============================================================
2026-02-18 00:45:11 - stock_picker - INFO - Database connection closed
